url,Date,Level,name,type,extra
https://www.redlobster.ca/images/default-source/images/menu-items/lunch-dinner/grilledchicken_kidsentree_must_265_r2.jpg?sfvrsn=2,menu-items,lunch-dinner,grilledchicken_kidsentree_must_265_r2,jpg,sfvrsn=2
https://www.redlobster.ca/images/default-source/images/menu-items/lunch-dinner/chickenbreaststrips_cn_145_r2.jpg?sfvrsn=2,menu-items,lunch-dinner,chickenbreaststrips_cn_145_r2,jpg,sfvrsn=2
https://www.redlobster.ca/images/default-source/images/news-press/wood_grilled_shrimp_salmon_lobster.jpg?sfvrsn=0,news-press,wood_grilled_shrimp_salmon_lobster.jpg?sfvrsn=0,wood_grilled_shrimp_salmon_lobster,jpg,sfvrsn=0
https://www.redlobster.ca/images/default-source/images/menu-items/lunch-dinner/4coursefeast.jpg?sfvrsn=2,menu-items,lunch-dinner,4coursefeast,jpg,sfvrsn=2
https://www.redlobster.ca/images/default-source/images/menu-items/lunch-dinner/sailors-platter.jpg?sfvrsn=2,menu-items,lunch-dinner,sailors-platter,jpg,sfvrsn=2
https://www.redlobster.ca/images/default-source/images/menu-items/lunch-dinner/crispy-shrimp-lettuce-wrap.jpg?sfvrsn=2,menu-items,lunch-dinner,crispy-shrimp-lettuce-wrap,jpg,sfvrsn=2
https://www.redlobster.ca/images/default-source/Headers/shrimp.png?sfvrsn=0,shrimp.png?sfvrsn=0,,shrimp,png,sfvrsn=0
https://www.redlobster.ca/images/default-source/Headers/lunch-item-detail-page-header_1800x614.jpg?sfvrsn=0,lunch-item-detail-page-header_1800x614.jpg?sfvrsn=0,,lunch-item-detail-page-header_1800x614,jpg,sfvrsn=0
https://www.redlobster.ca/images/default-source/Headers/hsc2.png?sfvrsn=0,hsc2.png?sfvrsn=0,,hsc2,png,sfvrsn=0
https://www.redlobster.ca/images/default-source/Headers/lll1.png?sfvrsn=0,lll1.png?sfvrsn=0,,lll1,png,sfvrsn=0
https://www.redlobster.ca/images/default-source/Headers/hsc1.png?sfvrsn=0,hsc1.png?sfvrsn=0,,hsc1,png,sfvrsn=0
https://www.redlobster.ca/images/default-source/images/menu-items/lunch-dinner/hand-battered-fish-and-chips.jpg?sfvrsn=2,menu-items,lunch-dinner,hand-battered-fish-and-chips,jpg,sfvrsn=2
https://www.redlobster.ca/images/default-source/images/menu-items/lunch-dinner/seaside_sampler.jpg?sfvrsn=2,menu-items,lunch-dinner,seaside_sampler,jpg,sfvrsn=2
https://www.redlobster.ca/images/default-source/Headers/image-3.jpg?sfvrsn=0,image-3.jpg?sfvrsn=0,,image-3,jpg,sfvrsn=0
https://www.redlobster.ca/images/default-source/Headers/image-3-(2).jpg?sfvrsn=0,image-3-(2).jpg?sfvrsn=0,,image-3-(2),jpg,sfvrsn=0
https://www.redlobster.ca/images/default-source/Headers/array.png?sfvrsn=0,array.png?sfvrsn=0,,array,png,sfvrsn=0
https://www.redlobster.ca/images/default-source/images/menu-items/lunch-dinner/new-england-clam-chowder.jpg?sfvrsn=2,menu-items,lunch-dinner,new-england-clam-chowder,jpg,sfvrsn=2
https://www.redlobster.ca/images/default-source/images/menu-items/lunch-dinner/creamy-potato-bacon-soup.jpg?sfvrsn=2,menu-items,lunch-dinner,creamy-potato-bacon-soup,jpg,sfvrsn=2
https://www.redlobster.ca/images/default-source/Headers/crabfest2.png?sfvrsn=0,crabfest2.png?sfvrsn=0,,crabfest2,png,sfvrsn=0
https://www.redlobster.ca/images/default-source/images/special-menu/lobsterfest/seaport-lobster-and-shrimpde049fc52fd36f18be94ff4100d9e22d.png?sfvrsn=0,special-menu,lobsterfest,seaport-lobster-and-shrimpde049fc52fd36f18be94ff4100d9e22d,png,sfvrsn=0
https://www.redlobster.ca/images/default-source/images/special-menu/lobsterfest/new!-fire-grilled-lobster-and-red-shrimp.png?sfvrsn=0,special-menu,lobsterfest,new!-fire-grilled-lobster-and-red-shrimp,png,sfvrsn=0
https://www.redlobster.ca/images/default-source/images/special-menu/lobsterfest/ultimate-feast.png?sfvrsn=0,special-menu,lobsterfest,ultimate-feast,png,sfvrsn=0
https://www.redlobster.ca/images/default-source/Headers/crabfest1.png?sfvrsn=0,crabfest1.png?sfvrsn=0,,crabfest1,png,sfvrsn=0
https://www.redlobster.ca/images/default-source/images/menu-items/lunch-dinner/ultimate_feast_can.jpg?sfvrsn=2,menu-items,lunch-dinner,ultimate_feast_can,jpg,sfvrsn=2
https://www.redlobster.ca/images/default-source/images/special-menu/lobsterfest/fire-grilled-lobster-shrimp-and-salmon.png?sfvrsn=0,special-menu,lobsterfest,fire-grilled-lobster-shrimp-and-salmon,png,sfvrsn=0
https://www.redlobster.ca/images/default-source/images/menu-items/lunch-dinner/pizza_1800x614_core.jpg?sfvrsn=0,menu-items,lunch-dinner,pizza_1800x614_core,jpg,sfvrsn=0
https://www.redlobster.ca/images/default-source/images/menu-items/lunch-dinner/admirals_feast.jpg?sfvrsn=2,menu-items,lunch-dinner,admirals_feast,jpg,sfvrsn=2
https://www.redlobster.ca/images/default-source/images/menu-items/lunch-dinner/salmon_new_orleans.jpg?sfvrsn=2,menu-items,lunch-dinner,salmon_new_orleans,jpg,sfvrsn=2
https://www.redlobster.ca/images/default-source/images/special-menu/lobsterfest/roasted-maritime-lobster-bake.png?sfvrsn=0,special-menu,lobsterfest,roasted-maritime-lobster-bake,png,sfvrsn=0
https://www.redlobster.ca/images/default-source/images/menu-items/lunch-dinner/wood_grilled_salmon_shrimp_linguini_alfredo.jpg?sfvrsn=2,menu-items,lunch-dinner,wood_grilled_salmon_shrimp_linguini_alfredo,jpg,sfvrsn=2
https://www.redlobster.ca/images/default-source/images/special-menu/lobsterfest/new!-lobster-mix-and-match.png?sfvrsn=0,special-menu,lobsterfest,new!-lobster-mix-and-match,png,sfvrsn=0
https://www.redlobster.ca/images/default-source/images/menu-items/lunch-dinner/crunch_fried_fish_scampi.jpg?sfvrsn=2,menu-items,lunch-dinner,crunch_fried_fish_scampi,jpg,sfvrsn=2
https://www.redlobster.ca/images/default-source/images/special-menu/lobsterfest/new!-grilled-tilapia-with-lobster-beurre-blanc.png?sfvrsn=0,special-menu,lobsterfest,new!-grilled-tilapia-with-lobster-beurre-blanc,png,sfvrsn=0
https://www.redlobster.ca/images/default-source/images/menu-items/lunch-dinner/seasidetrio_1800x614_core.jpg?sfvrsn=0,menu-items,lunch-dinner,seasidetrio_1800x614_core,jpg,sfvrsn=0
https://www.redlobster.ca/images/default-source/images/menu-items/lunch-dinner/image_coming_soon.jpg?sfvrsn=2,menu-items,lunch-dinner,image_coming_soon,jpg,sfvrsn=2
https://www.redlobster.ca/images/default-source/images/menu-items/lunch-dinner/calamari_1800x614_core.jpg?sfvrsn=0,menu-items,lunch-dinner,calamari_1800x614_core,jpg,sfvrsn=0
https://www.redlobster.ca/images/default-source/images/menu-items/lunch-dinner/tilapia_1800x614_core.jpg?sfvrsn=0,menu-items,lunch-dinner,tilapia_1800x614_core,jpg,sfvrsn=0
https://www.redlobster.ca/images/default-source/images/menu-items/lunch-dinner/wild_flounder_lunch.jpg?sfvrsn=2,menu-items,lunch-dinner,wild_flounder_lunch,jpg,sfvrsn=2
https://www.redlobster.ca/images/default-source/images/special-menu/lobsterfest/lobster-lover-s-dream4e049fc52fd36f18be94ff4100d9e22d.png?sfvrsn=0,special-menu,lobsterfest,lobster-lover-s-dream4e049fc52fd36f18be94ff4100d9e22d,png,sfvrsn=0
https://www.redlobster.ca/images/default-source/images/menu-items/lunch-dinner/wood_grilled_shrimp_skewers_can.jpg?sfvrsn=2,menu-items,lunch-dinner,wood_grilled_shrimp_skewers_can,jpg,sfvrsn=2
https://www.redlobster.ca/images/default-source/images/special-menu/lobsterfest/new!-lobsterfest-surf-turf.png?sfvrsn=0,special-menu,lobsterfest,new!-lobsterfest-surf-turf,png,sfvrsn=0
https://www.redlobster.ca/images/default-source/images/menu-items/lunch-dinner/m_lh_garlicgrilledshrimp.jpg?sfvrsn=2,menu-items,lunch-dinner,m_lh_garlicgrilledshrimp,jpg,sfvrsn=2
https://www.redlobster.ca/images/default-source/images/news-press/media-downloads/Teasers/4sweetchilishrimp_crave_582.png?sfvrsn=0,news-press,media-downloads,4sweetchilishrimp_crave_582,png,sfvrsn=0
https://www.redlobster.ca/images/default-source/images/menu-items/kids/kids_garlic_grilled_shrimp.jpg?sfvrsn=2,menu-items,kids,kids_garlic_grilled_shrimp,jpg,sfvrsn=2
https://www.redlobster.ca/images/default-source/images/special-menu/lobsterfest/roasted-carrots-and-butternut-squash-with-bourbon-brown-butter.png?sfvrsn=0,special-menu,lobsterfest,roasted-carrots-and-butternut-squash-with-bourbon-brown-butter,png,sfvrsn=0
https://www.redlobster.ca/images/default-source/images/events/summerfest/bg.jpg?sfvrsn=2,events,summerfest,bg,jpg,sfvrsn=2
https://www.redlobster.ca/images/default-source/images/special-menu/lobsterfest/roasted-green-beans-with-mushrooms.png?sfvrsn=0,special-menu,lobsterfest,roasted-green-beans-with-mushrooms,png,sfvrsn=0
https://www.redlobster.ca/images/default-source/images/events/big-festival-of-shrimp/big-festival-of-shrimp-teaser.png?sfvrsn=0,events,big-festival-of-shrimp,big-festival-of-shrimp-teaser,png,sfvrsn=0
https://www.redlobster.ca/images/default-source/images/menu-items/lunch-dinner/maple_glazed_chicken_canada.jpg?sfvrsn=2,menu-items,lunch-dinner,maple_glazed_chicken_canada,jpg,sfvrsn=2
https://www.redlobster.ca/images/default-source/images/menu-items/lunch-dinner/sweet_chili_shrimp.jpg?sfvrsn=2,menu-items,lunch-dinner,sweet_chili_shrimp,jpg,sfvrsn=2
https://www.redlobster.ca/images/default-source/images/menu-items/lunch-dinner/coconutshrimp_1800x614_core.jpg?sfvrsn=0,menu-items,lunch-dinner,coconutshrimp_1800x614_core,jpg,sfvrsn=0
https://www.redlobster.ca/images/default-source/images/menu-items/lunch-dinner/lh_maple_glazed_chicken_can.jpg?sfvrsn=2,menu-items,lunch-dinner,lh_maple_glazed_chicken_can,jpg,sfvrsn=2
https://www.redlobster.ca/images/default-source/images/menu-items/lunch-dinner/center_cut_ny_strip_steak.jpg?sfvrsn=2,menu-items,lunch-dinner,center_cut_ny_strip_steak,jpg,sfvrsn=2
https://www.redlobster.ca/images/default-source/images/menu-items/lunch-dinner/nystrip_lobster_can.jpg?sfvrsn=2,menu-items,lunch-dinner,nystrip_lobster_can,jpg,sfvrsn=2
https://www.redlobster.ca/images/default-source/images/menu-items/lunch-dinner/wild-flounder--dinner.jpg?sfvrsn=2,menu-items,lunch-dinner,wild-flounder--dinner,jpg,sfvrsn=2
https://www.redlobster.ca/images/default-source/images/menu-items/imagecomingsoon.jpg?Status=Master&sfvrsn=4,menu-items,imagecomingsoon.jpg?Status=Master&sfvrsn=4,imagecomingsoon,jpg,Status=Master&sfvrsn=4
https://www.redlobster.ca/images/default-source/images/menu-items/imagecomingsoon.jpg?sfvrsn=4,menu-items,imagecomingsoon.jpg?sfvrsn=4,imagecomingsoon,jpg,sfvrsn=4
https://www.redlobster.ca/images/default-source/images/menu-items/lunch-dinner/walts_favorite_shrimp.jpg?sfvrsn=2,menu-items,lunch-dinner,walts_favorite_shrimp,jpg,sfvrsn=2
https://www.redlobster.ca/images/default-source/images/menu-items/lunch-dinner/m_woodgrilled_lobsteshrimpsalmon_can.jpg?sfvrsn=2,menu-items,lunch-dinner,m_woodgrilled_lobsteshrimpsalmon_can,jpg,sfvrsn=2
https://www.redlobster.ca/images/default-source/images/menu-items/kids/kids_chicken_fingers_ketchup.jpg?sfvrsn=2,menu-items,kids,kids_chicken_fingers_ketchup,jpg,sfvrsn=2
https://www.redlobster.ca/images/default-source/images/menu-items/lunch-dinner/garlic_shrimp_scampi.jpg?sfvrsn=2,menu-items,lunch-dinner,garlic_shrimp_scampi,jpg,sfvrsn=2
https://www.redlobster.ca/images/default-source/images/menu-items/lunch-dinner/roasted_maine_lobster_bake.jpg?sfvrsn=2,menu-items,lunch-dinner,roasted_maine_lobster_bake,jpg,sfvrsn=2
https://www.redlobster.ca/images/default-source/images/menu-items/lunch-dinner/wood_grilled_peppercorn_sirloin_and_shrimp.jpg?sfvrsn=2,menu-items,lunch-dinner,wood_grilled_peppercorn_sirloin_and_shrimp,jpg,sfvrsn=2
https://www.redlobster.ca/images/default-source/images/menu-items/lunch-dinner/shrimp_woodgrilled_chicken_can.jpg?sfvrsn=2,menu-items,lunch-dinner,shrimp_woodgrilled_chicken_can,jpg,sfvrsn=2
https://www.redlobster.ca/images/default-source/images/menu-items/lunch-dinner/jumbo_coconut_shrimp.jpg?sfvrsn=2,menu-items,lunch-dinner,jumbo_coconut_shrimp,jpg,sfvrsn=2
https://www.redlobster.ca/images/default-source/images/special-menu/lobsterfest/new!-chilled-lobster-and-shrimp-cocktail.png?sfvrsn=0,special-menu,lobsterfest,new!-chilled-lobster-and-shrimp-cocktail,png,sfvrsn=0
https://www.redlobster.ca/images/default-source/images/menu-items/lunch-dinner/wild-flounder-lunch.jpg?sfvrsn=2,menu-items,lunch-dinner,wild-flounder-lunch,jpg,sfvrsn=2
https://www.redlobster.ca/images/default-source/images/menu-items/lunch-dinner/crunchy_popcorn_shrimp.jpg?sfvrsn=2,menu-items,lunch-dinner,crunchy_popcorn_shrimp,jpg,sfvrsn=2
https://www.redlobster.ca/images/default-source/images/menu-items/wg-tacos.jpg?sfvrsn=2,menu-items,wg-tacos.jpg?sfvrsn=2,wg-tacos,jpg,sfvrsn=2
https://www.redlobster.ca/images/default-source/images/menu-items/kids/kids_popcorn_shrimp.jpg?sfvrsn=2,menu-items,kids,kids_popcorn_shrimp,jpg,sfvrsn=2
https://www.redlobster.ca/images/default-source/images/menu-items/lunch-dinner/rock_lobster_tail_can.jpg?sfvrsn=2,menu-items,lunch-dinner,rock_lobster_tail_can,jpg,sfvrsn=2
https://www.redlobster.ca/images/default-source/images/special-menu/lobsterfest/new!-lobsterfest-fizz.png?sfvrsn=0,special-menu,lobsterfest,new!-lobsterfest-fizz,png,sfvrsn=0
https://www.redlobster.ca/images/default-source/images/special-menu/lobsterfest/new!-island-lobster-punch.png?sfvrsn=0,special-menu,lobsterfest,new!-island-lobster-punch,png,sfvrsn=0
https://www.redlobster.ca/images/default-source/images/menu-items/lunch-dinner/1800x614_snowcrablegs.jpg?sfvrsn=2,menu-items,lunch-dinner,1800x614_snowcrablegs,jpg,sfvrsn=2
https://www.redlobster.ca/images/default-source/images/menu-items/lunch-dinner/wood_grilled_peppercorn_sirloin.jpg?sfvrsn=2,menu-items,lunch-dinner,wood_grilled_peppercorn_sirloin,jpg,sfvrsn=2
https://www.redlobster.ca/images/default-source/images/menu-items/kids/kids_macaroni_and_cheese.jpg?sfvrsn=2,menu-items,kids,kids_macaroni_and_cheese,jpg,sfvrsn=2
https://www.redlobster.ca/images/default-source/images/menu-items/lunch-dinner/coastal_soup_and_salad.jpg?sfvrsn=2,menu-items,lunch-dinner,coastal_soup_and_salad,jpg,sfvrsn=2
https://www.redlobster.ca/images/default-source/images/menu-items/lunch-dinner/crablegs_1800x614_core.jpg?sfvrsn=0,menu-items,lunch-dinner,crablegs_1800x614_core,jpg,sfvrsn=0
https://www.redlobster.ca/images/default-source/images/menu-items/kids/kids_snow_crab.jpg?sfvrsn=2,menu-items,kids,kids_snow_crab,jpg,sfvrsn=2
https://www.redlobster.ca/images/default-source/images/menu-items/lunch-dinner/escargot_1800x614_core.jpg?sfvrsn=0,menu-items,lunch-dinner,escargot_1800x614_core,jpg,sfvrsn=0
https://www.redlobster.ca/images/default-source/images/special-menu/lobsterfest/bananas-foster-cheesecake.png?sfvrsn=0,special-menu,lobsterfest,bananas-foster-cheesecake,png,sfvrsn=0
https://www.redlobster.ca/images/default-source/images/menu-items/lunch-dinner/crablinguini_1800x614_core.jpg?sfvrsn=0,menu-items,lunch-dinner,crablinguini_1800x614_core,jpg,sfvrsn=0
https://www.redlobster.ca/ResourcePackages/RedLobster/assets/dist/images/Hub_WhatWeServe_BG.jpg,dist,images,Hub_WhatWeServe_BG,jpg,
https://www.redlobster.ca/images/default-source/images/menu-items/lunch-dinner/shrimplinguini_1800x614_core.jpg?sfvrsn=0,menu-items,lunch-dinner,shrimplinguini_1800x614_core,jpg,sfvrsn=0
https://www.redlobster.ca/images/default-source/images/menu-items/lunch-dinner/lobster_scampi_linguini.jpg?sfvrsn=2,menu-items,lunch-dinner,lobster_scampi_linguini,jpg,sfvrsn=2
https://www.redlobster.ca/images/default-source/images/menu-items/lunch-dinner/crab_linguini_alfredo.jpg?sfvrsn=2,menu-items,lunch-dinner,crab_linguini_alfredo,jpg,sfvrsn=2
https://www.redlobster.ca/images/default-source/images/news-press/media-downloads/582x352_korean_shrimp.jpg?sfvrsn=0,news-press,media-downloads,582x352_korean_shrimp,jpg,sfvrsn=0
https://www.redlobster.ca/images/default-source/images/menu-items/kids/kids_broiled_fish.jpg?sfvrsn=2,menu-items,kids,kids_broiled_fish,jpg,sfvrsn=2
https://www.redlobster.ca/images/default-source/images/menu-items/lunch-dinner/bar_harbor_lobster_bake.jpg?sfvrsn=2,menu-items,lunch-dinner,bar_harbor_lobster_bake,jpg,sfvrsn=2
https://www.redlobster.ca/images/default-source/images/menu-items/lunch-dinner/mussels_1800x614_core.jpg?sfvrsn=0,menu-items,lunch-dinner,mussels_1800x614_core,jpg,sfvrsn=0
https://www.redlobster.ca/images/default-source/Headers/mussels_1800x614_core.jpg?sfvrsn=0,mussels_1800x614_core.jpg?sfvrsn=0,,mussels_1800x614_core,jpg,sfvrsn=0
https://www.redlobster.ca/images/default-source/images/menu-items/lighter-fare/lighter_fare_peppercorn_sirloin_and_shrimp_ca.jpg?sfvrsn=2,menu-items,lighter-fare,lighter_fare_peppercorn_sirloin_and_shrimp_ca,jpg,sfvrsn=2
https://www.redlobster.ca/images/default-source/images/menu-items/lunch-dinner/shrimp_liguini_alfredo.jpg?sfvrsn=2,menu-items,lunch-dinner,shrimp_liguini_alfredo,jpg,sfvrsn=2
https://www.redlobster.ca/images/default-source/images/special-menu/lunch-special-half-lobster-and-langostino-pizza.jpg?sfvrsn=0,special-menu,lunch-special-half-lobster-and-langostino-pizza.jpg?sfvrsn=0,lunch-special-half-lobster-and-langostino-pizza,jpg,sfvrsn=0
https://www.redlobster.ca/images/default-source/images/menu-items/lunch-dinner/cajunchicken_1800x614_core.jpg?sfvrsn=0,menu-items,lunch-dinner,cajunchicken_1800x614_core,jpg,sfvrsn=0
https://www.redlobster.ca/images/default-source/Headers/bbq2.png?sfvrsn=0,bbq2.png?sfvrsn=0,,bbq2,png,sfvrsn=0
https://www.redlobster.ca/images/default-source/images/menu-items/lunch-dinner/lunch_tacos.jpg?sfvrsn=0,menu-items,lunch-dinner,lunch_tacos,jpg,sfvrsn=0
https://www.redlobster.ca/images/default-source/images/menu-items/lunch-dinner/parrot-isle-jumbo-coconut-shrimp.jpg?sfvrsn=2,menu-items,lunch-dinner,parrot-isle-jumbo-coconut-shrimp,jpg,sfvrsn=2
https://www.redlobster.ca/images/default-source/images/menu-items/lunch-dinner/lobster_bisque8b7999c52fd36f18be94ff0000d9e22d.jpg?sfvrsn=2,menu-items,lunch-dinner,lobster_bisque8b7999c52fd36f18be94ff0000d9e22d,jpg,sfvrsn=2
https://www.redlobster.ca/images/default-source/Headers/bbq1.png?sfvrsn=0,bbq1.png?sfvrsn=0,,bbq1,png,sfvrsn=0
https://www.redlobster.ca/ResourcePackages/RedLobster/assets/dist/images/main-area-bg.jpg,dist,images,main-area-bg,jpg,
https://www.redlobster.ca/images/default-source/images/menu-items/lunch-dinner/sweet-chili-shrimp.jpg?sfvrsn=2,menu-items,lunch-dinner,sweet-chili-shrimp,jpg,sfvrsn=2
https://www.redlobster.ca/images/default-source/images/menu-items/lunch-dinner/classic-caesar-salad.jpg?sfvrsn=2,menu-items,lunch-dinner,classic-caesar-salad,jpg,sfvrsn=2
https://www.redlobster.ca/images/default-source/images/menu-items/lunch-dinner/lobster-crab-and-seafood-stuffed-mushroom.jpg?sfvrsn=2,menu-items,lunch-dinner,lobster-crab-and-seafood-stuffed-mushroom,jpg,sfvrsn=2
https://www.redlobster.ca/images/default-source/images/special-menu/lunch-special-lobster-topped-caesar-salad.jpg?sfvrsn=0,special-menu,lunch-special-lobster-topped-caesar-salad.jpg?sfvrsn=0,lunch-special-lobster-topped-caesar-salad,jpg,sfvrsn=0
https://www.redlobster.ca/images/default-source/images/special-menu/lobster-roll-with-fries47689fc52fd36f18be94ff4100d9e22d.jpg?sfvrsn=0,special-menu,lobster-roll-with-fries47689fc52fd36f18be94ff4100d9e22d.jpg?sfvrsn=0,lobster-roll-with-fries47689fc52fd36f18be94ff4100d9e22d,jpg,sfvrsn=0
https://www.redlobster.ca/images/default-source/images/menu-items/lunch-dinner/cajun_chicken_linguine_alfredo.jpg?sfvrsn=2,menu-items,lunch-dinner,cajun_chicken_linguine_alfredo,jpg,sfvrsn=2
https://www.redlobster.ca/images/default-source/images/menu-items/lunch-dinner/mozzarella_cheese_sticks_can.jpg?sfvrsn=2,menu-items,lunch-dinner,mozzarella_cheese_sticks_can,jpg,sfvrsn=2
https://www.redlobster.ca/images/default-source/images/events/militarymonday/militarymonday_plate.png?sfvrsn=4,events,militarymonday,militarymonday_plate,png,sfvrsn=4
https://www.redlobster.ca/images/default-source/images/menu-items/lunch-dinner/crunch-fried_fish_sandwich.jpg?sfvrsn=2,menu-items,lunch-dinner,crunch-fried_fish_sandwich,jpg,sfvrsn=2
https://www.redlobster.ca/images/default-source/images/menu-items/lunch-dinner/bacon-cheddar-chicken-club.jpg?sfvrsn=4,menu-items,lunch-dinner,bacon-cheddar-chicken-club,jpg,sfvrsn=4
https://www.redlobster.ca/images/default-source/images/menu-items/lunch-dinner/live_maine_lobster.jpg?sfvrsn=2,menu-items,lunch-dinner,live_maine_lobster,jpg,sfvrsn=2
https://www.redlobster.ca/ResourcePackages/RedLobster/assets/dist/images/HowItsCaught.jpg,dist,images,HowItsCaught,jpg,
https://www.redlobster.ca/images/default-source/images/headers/rl_desktop_cares-1.jpg?sfvrsn=0,headers,rl_desktop_cares-1.jpg?sfvrsn=0,rl_desktop_cares-1,jpg,sfvrsn=0
https://www.redlobster.ca/ResourcePackages/RedLobster/assets/dist/images/rl_desktop_our_story.jpg,dist,images,rl_desktop_our_story,jpg,
https://www.redlobster.ca/images/default-source/images/work-with-us/rl_desktop_careers-mgmt-1.jpg?sfvrsn=0,work-with-us,rl_desktop_careers-mgmt-1.jpg?sfvrsn=0,rl_desktop_careers-mgmt-1,jpg,sfvrsn=0
https://www.redlobster.ca/images/default-source/images/work-with-us/rl_desktop_careers-why-1.jpg?sfvrsn=0,work-with-us,rl_desktop_careers-why-1.jpg?sfvrsn=0,rl_desktop_careers-why-1,jpg,sfvrsn=0
https://www.redlobster.ca/images/default-source/images/headers/rl_desktop_sws_seafoodwstandards-modefd79ec52fd36f18be94ff4100d9e22d.jpg?sfvrsn=2,headers,rl_desktop_sws_seafoodwstandards-modefd79ec52fd36f18be94ff4100d9e22d.jpg?sfvrsn=2,rl_desktop_sws_seafoodwstandards-modefd79ec52fd36f18be94ff4100d9e22d,jpg,sfvrsn=2
https://www.redlobster.ca/images/default-source/Headers/lobsterroll_fries-amp-potatosoup_press.jpg?sfvrsn=0,lobsterroll_fries-amp-potatosoup_press.jpg?sfvrsn=0,,lobsterroll_fries-amp-potatosoup_press,jpg,sfvrsn=0
https://www.redlobster.ca/images/default-source/images/work-with-us/rl_desktop_careers-why-3.jpg?sfvrsn=0,work-with-us,rl_desktop_careers-why-3.jpg?sfvrsn=0,rl_desktop_careers-why-3,jpg,sfvrsn=0
https://www.redlobster.ca/ResourcePackages/RedLobster/assets/dist/images/gc-desktop-left.png,dist,images,gc-desktop-left,png,
https://www.redlobster.ca/images/default-source/images/work-with-us/rl_desktop_careers-team-1.jpg?sfvrsn=0,work-with-us,rl_desktop_careers-team-1.jpg?sfvrsn=0,rl_desktop_careers-team-1,jpg,sfvrsn=0
https://www.redlobster.ca/images/default-source/images/work-with-us/rl_desktop_careers-team-2.jpg?sfvrsn=0,work-with-us,rl_desktop_careers-team-2.jpg?sfvrsn=0,rl_desktop_careers-team-2,jpg,sfvrsn=0
https://www.redlobster.ca/ResourcePackages/RedLobster/assets/dist/images/rl_desktop_seafood_standards-bg.jpg,dist,images,rl_desktop_seafood_standards-bg,jpg,
https://www.redlobster.ca/images/default-source/images/social-photos/image-1.jpg?sfvrsn=2,social-photos,image-1.jpg?sfvrsn=2,image-1,jpg,sfvrsn=2
https://www.redlobster.ca/ResourcePackages/RedLobster/assets/dist/images/Crabfest_hero.jpg,dist,images,Crabfest_hero,jpg,
https://www.redlobster.ca/images/default-source/images/menu-items/lunch-dinner/shrimp_cocktail.jpg?sfvrsn=2,menu-items,lunch-dinner,shrimp_cocktail,jpg,sfvrsn=2
https://www.redlobster.ca/images/default-source/images/news-press/rl_hsc_news_teaer.jpg?sfvrsn=0,news-press,rl_hsc_news_teaer.jpg?sfvrsn=0,rl_hsc_news_teaer,jpg,sfvrsn=0
https://www.redlobster.ca/images/default-source/images/menu-items/lunch-dinner/ultimate_feast_can.jpg?sfvrsn=2&size=1125,menu-items,lunch-dinner,ultimate_feast_can,jpg,sfvrsn=2&size=1125
https://www.redlobster.ca/images/default-source/images/menu-items/seafood-stuffed-mushrooms.jpg?sfvrsn=0,menu-items,seafood-stuffed-mushrooms.jpg?sfvrsn=0,seafood-stuffed-mushrooms,jpg,sfvrsn=0
https://www.redlobster.ca/images/default-source/images/menu-items/imagecomingsoon.jpg?Status=Master&sfvrsn=4&size=1125,menu-items,imagecomingsoon.jpg?Status=Master&sfvrsn=4&size=1125,imagecomingsoon,jpg,Status=Master&sfvrsn=4&size=1125
https://www.redlobster.ca/images/default-source/images/menu-items/imagecomingsoon.jpg?sfvrsn=4&size=1125,menu-items,imagecomingsoon.jpg?sfvrsn=4&size=1125,imagecomingsoon,jpg,sfvrsn=4&size=1125
https://www.redlobster.ca/images/default-source/images/menu-items/lunch-dinner/image_coming_soon.jpg?sfvrsn=2&size=1125,menu-items,lunch-dinner,image_coming_soon,jpg,sfvrsn=2&size=1125
https://www.redlobster.ca/images/default-source/images/menu-items/lunch-dinner/pizza_1800x614_core.jpg?sfvrsn=0&size=1125,menu-items,lunch-dinner,pizza_1800x614_core,jpg,sfvrsn=0&size=1125
https://www.redlobster.ca/ResourcePackages/RedLobster/assets/dist/images/deadliest-catch-video-poster.jpg,dist,images,deadliest-catch-video-poster,jpg,
https://www.redlobster.ca/images/default-source/images/menu-items/lunch-dinner/salmon_new_orleans.jpg?sfvrsn=2&size=1125,menu-items,lunch-dinner,salmon_new_orleans,jpg,sfvrsn=2&size=1125
https://www.redlobster.ca/images/default-source/images/gift-cards/rl_mobile_giftcard02.png?sfvrsn=4,gift-cards,rl_mobile_giftcard02.png?sfvrsn=4,rl_mobile_giftcard02,png,sfvrsn=4
https://www.redlobster.ca/images/default-source/images/menu-items/lunch-dinner/wild-flounder--dinner.jpg?sfvrsn=2&size=1125,menu-items,lunch-dinner,wild-flounder--dinner,jpg,sfvrsn=2&size=1125
https://www.redlobster.ca/images/default-source/images/work-with-us/rl_desktop_careers-why-2.jpg?sfvrsn=0,work-with-us,rl_desktop_careers-why-2.jpg?sfvrsn=0,rl_desktop_careers-why-2,jpg,sfvrsn=0
https://www.redlobster.ca/images/default-source/images/menu-items/lunch-dinner/admirals_feast.jpg?sfvrsn=2&size=1125,menu-items,lunch-dinner,admirals_feast,jpg,sfvrsn=2&size=1125
https://www.redlobster.ca/images/default-source/images/menu-items/lunch-dinner/wild-flounder-lunch.jpg?sfvrsn=2&size=1125,menu-items,lunch-dinner,wild-flounder-lunch,jpg,sfvrsn=2&size=1125
https://www.redlobster.ca/images/default-source/images/menu-items/lunch-dinner/crispy-shrimp-lettuce-wrap.jpg?sfvrsn=2&size=1125,menu-items,lunch-dinner,crispy-shrimp-lettuce-wrap,jpg,sfvrsn=2&size=1125
https://www.redlobster.ca/images/default-source/images/menu-items/lunch-dinner/wood_grilled_salmon_shrimp_linguini_alfredo.jpg?sfvrsn=2&size=1125,menu-items,lunch-dinner,wood_grilled_salmon_shrimp_linguini_alfredo,jpg,sfvrsn=2&size=1125
https://www.redlobster.ca/images/default-source/images/menu-items/lunch-dinner/wood_grilled_shrimp_skewers_can.jpg?sfvrsn=2&size=1125,menu-items,lunch-dinner,wood_grilled_shrimp_skewers_can,jpg,sfvrsn=2&size=1125
https://www.redlobster.ca/ResourcePackages/RedLobster/assets/dist/images/MilitaryMonday_bg.jpg,dist,images,MilitaryMonday_bg,jpg,
https://www.redlobster.ca/images/default-source/images/menu-items/lunch-dinner/sailors-platter.jpg?sfvrsn=2&size=1125,menu-items,lunch-dinner,sailors-platter,jpg,sfvrsn=2&size=1125
https://www.redlobster.ca/images/default-source/images/menu-items/lunch-dinner/crunch_fried_fish_scampi.jpg?sfvrsn=2&size=1125,menu-items,lunch-dinner,crunch_fried_fish_scampi,jpg,sfvrsn=2&size=1125
https://www.redlobster.ca/images/default-source/images/menu-items/kids/kids_snow_crab.jpg?sfvrsn=2&size=1125,menu-items,kids,kids_snow_crab,jpg,sfvrsn=2&size=1125
https://www.redlobster.ca/images/default-source/images/menu-items/lunch-dinner/garlic_shrimp_scampi.jpg?sfvrsn=2&size=1125,menu-items,lunch-dinner,garlic_shrimp_scampi,jpg,sfvrsn=2&size=1125
https://www.redlobster.ca/images/default-source/images/menu-items/lunch-dinner/m_lh_garlicgrilledshrimp.jpg?sfvrsn=2&size=1125,menu-items,lunch-dinner,m_lh_garlicgrilledshrimp,jpg,sfvrsn=2&size=1125
https://www.redlobster.ca/images/default-source/Headers/detailpageimage_pizza_333x227.jpg?sfvrsn=0,detailpageimage_pizza_333x227.jpg?sfvrsn=0,,detailpageimage_pizza_333x227,jpg,sfvrsn=0
https://www.redlobster.ca/images/default-source/images/menu-items/lunch-dinner/maple_glazed_chicken_canada.jpg?sfvrsn=2&size=1125,menu-items,lunch-dinner,maple_glazed_chicken_canada,jpg,sfvrsn=2&size=1125
https://www.redlobster.ca/images/default-source/images/news-press/lobster-lover-s-dream7d599fc52fd36f18be94ff4100d9e22d.jpeg?sfvrsn=0,news-press,lobster-lover-s-dream7d599fc52fd36f18be94ff4100d9e22d.jpeg?sfvrsn=0,lobster-lover-s-dream7d599fc52fd36f18be94ff4100d9e22d,jpeg,sfvrsn=0
https://www.redlobster.ca/images/default-source/images/news-press/lobster-lover-s-dream.jpeg?sfvrsn=0,news-press,lobster-lover-s-dream.jpeg?sfvrsn=0,lobster-lover-s-dream,jpeg,sfvrsn=0
https://www.redlobster.ca/images/default-source/images/navigation/store-locator-bg.jpg,navigation,store-locator-bg.jpg,store-locator-bg,jpg,
https://www.redlobster.ca/images/default-source/images/menu-items/lunch-dinner/4coursefeast.jpg?sfvrsn=2&size=1125,menu-items,lunch-dinner,4coursefeast,jpg,sfvrsn=2&size=1125
https://www.redlobster.ca/images/default-source/images/menu-items/lunch-dinner/seasidetrio_1800x614_core.jpg?sfvrsn=0&size=1125,menu-items,lunch-dinner,seasidetrio_1800x614_core,jpg,sfvrsn=0&size=1125
https://www.redlobster.ca/images/default-source/images/menu-items/kids/kids_garlic_grilled_shrimp.jpg?sfvrsn=2&size=1125,menu-items,kids,kids_garlic_grilled_shrimp,jpg,sfvrsn=2&size=1125
https://www.redlobster.ca/images/default-source/images/menu-items/lunch-dinner/center_cut_ny_strip_steak.jpg?sfvrsn=2&size=1125,menu-items,lunch-dinner,center_cut_ny_strip_steak,jpg,sfvrsn=2&size=1125
https://www.redlobster.ca/images/default-source/images/menu-items/lunch-dinner/wild_flounder_lunch.jpg?sfvrsn=2&size=1125,menu-items,lunch-dinner,wild_flounder_lunch,jpg,sfvrsn=2&size=1125
https://www.redlobster.ca/images/default-source/images/menu-items/lunch-dinner/lh_maple_glazed_chicken_can.jpg?sfvrsn=2&size=1125,menu-items,lunch-dinner,lh_maple_glazed_chicken_can,jpg,sfvrsn=2&size=1125
https://www.redlobster.ca/images/default-source/images/news-press/new!-lobster-mix-and-match.jpeg?sfvrsn=0,news-press,new!-lobster-mix-and-match.jpeg?sfvrsn=0,new!-lobster-mix-and-match,jpeg,sfvrsn=0
https://www.redlobster.ca/images/default-source/images/menu-items/kids/kids_chicken_fingers_ketchup.jpg?sfvrsn=2&size=1125,menu-items,kids,kids_chicken_fingers_ketchup,jpg,sfvrsn=2&size=1125
https://www.redlobster.ca/images/default-source/images/menu-items/lighter-fare/lighter_fare_peppercorn_sirloin_and_shrimp_ca.jpg?sfvrsn=2&size=1125,menu-items,lighter-fare,lighter_fare_peppercorn_sirloin_and_shrimp_ca,jpg,sfvrsn=2&size=1125
https://www.redlobster.ca/images/default-source/images/menu-items/lunch-dinner/nystrip_lobster_can.jpg?sfvrsn=2&size=1125,menu-items,lunch-dinner,nystrip_lobster_can,jpg,sfvrsn=2&size=1125
https://www.redlobster.ca/images/default-source/images/menu-items/lunch-dinner/wood_grilled_peppercorn_sirloin_and_shrimp.jpg?sfvrsn=2&size=1125,menu-items,lunch-dinner,wood_grilled_peppercorn_sirloin_and_shrimp,jpg,sfvrsn=2&size=1125
https://www.redlobster.ca/images/default-source/images/menu-items/lunch-dinner/calamari_1800x614_core.jpg?sfvrsn=0&size=1125,menu-items,lunch-dinner,calamari_1800x614_core,jpg,sfvrsn=0&size=1125
https://www.redlobster.ca/images/default-source/images/menu-items/lunch-dinner/sweet_chili_shrimp.jpg?sfvrsn=2&size=1125,menu-items,lunch-dinner,sweet_chili_shrimp,jpg,sfvrsn=2&size=1125
https://www.redlobster.ca/images/default-source/images/menu-items/lunch-dinner/walts_favorite_shrimp.jpg?sfvrsn=2&size=1125,menu-items,lunch-dinner,walts_favorite_shrimp,jpg,sfvrsn=2&size=1125
https://www.redlobster.ca/ResourcePackages/RedLobster/assets/dist/images/what-you-could-win.jpg,dist,images,what-you-could-win,jpg,
https://www.redlobster.ca/images/default-source/images/menu-items/lunch-dinner/jumbo_coconut_shrimp.jpg?sfvrsn=2&size=1125,menu-items,lunch-dinner,jumbo_coconut_shrimp,jpg,sfvrsn=2&size=1125
https://www.redlobster.ca/images/default-source/images/menu-items/wg-tacos.jpg?sfvrsn=2&size=1125,menu-items,wg-tacos.jpg?sfvrsn=2&size=1125,wg-tacos,jpg,sfvrsn=2&size=1125
https://www.redlobster.ca/images/default-source/images/menu-items/kids/kids_broiled_fish.jpg?sfvrsn=2&size=1125,menu-items,kids,kids_broiled_fish,jpg,sfvrsn=2&size=1125
https://www.redlobster.ca/images/default-source/images/menu-items/lunch-dinner/m_woodgrilled_lobsteshrimpsalmon_can.jpg?sfvrsn=2&size=1125,menu-items,lunch-dinner,m_woodgrilled_lobsteshrimpsalmon_can,jpg,sfvrsn=2&size=1125
https://www.redlobster.ca/images/default-source/images/work-with-us/rl_desktop_careers-5.jpg?sfvrsn=0,work-with-us,rl_desktop_careers-5.jpg?sfvrsn=0,rl_desktop_careers-5,jpg,sfvrsn=0
https://www.redlobster.ca/images/default-source/images/menu-items/lunch-dinner/lobster-crab-and-seafood-stuffed-mushroom.jpg?sfvrsn=2&size=1125,menu-items,lunch-dinner,lobster-crab-and-seafood-stuffed-mushroom,jpg,sfvrsn=2&size=1125
https://www.redlobster.ca/images/default-source/images/menu-items/lunch-dinner/parrot-isle-jumbo-coconut-shrimp.jpg?sfvrsn=2&size=1125,menu-items,lunch-dinner,parrot-isle-jumbo-coconut-shrimp,jpg,sfvrsn=2&size=1125
https://www.redlobster.ca/images/default-source/images/menu-items/lunch-dinner/tilapia_1800x614_core.jpg?sfvrsn=0&size=1125,menu-items,lunch-dinner,tilapia_1800x614_core,jpg,sfvrsn=0&size=1125
https://www.redlobster.ca/images/default-source/Headers/detailpageimage_salad_333x227.jpg?sfvrsn=0,detailpageimage_salad_333x227.jpg?sfvrsn=0,,detailpageimage_salad_333x227,jpg,sfvrsn=0
https://www.redlobster.ca/images/default-source/images/menu-items/lunch-dinner/lunch_tacos.jpg?sfvrsn=0&size=1125,menu-items,lunch-dinner,lunch_tacos,jpg,sfvrsn=0&size=1125
https://www.redlobster.ca/images/default-source/images/menu-items/lunch-dinner/shrimp_woodgrilled_chicken_can.jpg?sfvrsn=2&size=1125,menu-items,lunch-dinner,shrimp_woodgrilled_chicken_can,jpg,sfvrsn=2&size=1125
https://www.redlobster.ca/images/default-source/images/menu-items/kids/kids_macaroni_and_cheese.jpg?sfvrsn=2&size=1125,menu-items,kids,kids_macaroni_and_cheese,jpg,sfvrsn=2&size=1125
https://www.redlobster.ca/images/default-source/images/menu-items/lunch-dinner/crunchy_popcorn_shrimp.jpg?sfvrsn=2&size=1125,menu-items,lunch-dinner,crunchy_popcorn_shrimp,jpg,sfvrsn=2&size=1125
https://www.redlobster.ca/images/default-source/images/menu-items/lunch-dinner/classic-caesar-salad.jpg?sfvrsn=2&size=1125,menu-items,lunch-dinner,classic-caesar-salad,jpg,sfvrsn=2&size=1125
https://www.redlobster.ca/images/default-source/images/menu-items/lunch-dinner/coastal_soup_and_salad.jpg?sfvrsn=2&size=1125,menu-items,lunch-dinner,coastal_soup_and_salad,jpg,sfvrsn=2&size=1125
https://www.redlobster.ca/images/default-source/Headers/lunch-item-detail-page-header_1800x614.jpg?sfvrsn=0&size=1125,lunch-item-detail-page-header_1800x614.jpg?sfvrsn=0&size=1125,,lunch-item-detail-page-header_1800x614,jpg,sfvrsn=0&size=1125
https://www.redlobster.ca/images/default-source/images/menu-items/lunch-dinner/roasted_maine_lobster_bake.jpg?sfvrsn=2&size=1125,menu-items,lunch-dinner,roasted_maine_lobster_bake,jpg,sfvrsn=2&size=1125
https://www.redlobster.ca/ResourcePackages/RedLobster/assets/dist/images/rl_desktop_menu_detail-addside.jpg,dist,images,rl_desktop_menu_detail-addside,jpg,
https://www.redlobster.ca/images/default-source/images/menu-items/lunch-dinner/wood_grilled_peppercorn_sirloin.jpg?sfvrsn=2&size=1125,menu-items,lunch-dinner,wood_grilled_peppercorn_sirloin,jpg,sfvrsn=2&size=1125
https://www.redlobster.ca/images/default-source/images/menu-items/kids/kids_popcorn_shrimp.jpg?sfvrsn=2&size=1125,menu-items,kids,kids_popcorn_shrimp,jpg,sfvrsn=2&size=1125
https://www.redlobster.ca/images/default-source/images/menu-items/lunch-dinner/rock_lobster_tail_can.jpg?sfvrsn=2&size=1125,menu-items,lunch-dinner,rock_lobster_tail_can,jpg,sfvrsn=2&size=1125
https://www.redlobster.ca/images/default-source/Headers/detailpageimage_lobsterroll_333x227.jpg?sfvrsn=0,detailpageimage_lobsterroll_333x227.jpg?sfvrsn=0,,detailpageimage_lobsterroll_333x227,jpg,sfvrsn=0
https://www.redlobster.ca/images/default-source/images/menu-items/lunch-dinner/crablegs_1800x614_core.jpg?sfvrsn=0&size=1125,menu-items,lunch-dinner,crablegs_1800x614_core,jpg,sfvrsn=0&size=1125
https://www.redlobster.ca/images/default-source/images/menu-items/lunch-dinner/sweet-chili-shrimp.jpg?sfvrsn=2&size=1125,menu-items,lunch-dinner,sweet-chili-shrimp,jpg,sfvrsn=2&size=1125
https://www.redlobster.ca/ResourcePackages/RedLobster/assets/dist/images/rl_desktop_menu_detail-addmeal.jpg,dist,images,rl_desktop_menu_detail-addmeal,jpg,
https://www.redlobster.ca/images/default-source/images/menu-items/lunch-dinner/coconutshrimp_1800x614_core.jpg?sfvrsn=0&size=1125,menu-items,lunch-dinner,coconutshrimp_1800x614_core,jpg,sfvrsn=0&size=1125
https://www.redlobster.ca/images/default-source/images/social-photos/341x341_sillydad.jpg?sfvrsn=0,social-photos,341x341_sillydad.jpg?sfvrsn=0,341x341_sillydad,jpg,sfvrsn=0
https://www.redlobster.ca/images/default-source/images/menu-items/lunch-dinner/lobster_scampi_linguini.jpg?sfvrsn=2&size=1125,menu-items,lunch-dinner,lobster_scampi_linguini,jpg,sfvrsn=2&size=1125
https://www.redlobster.ca/images/default-source/images/menu-items/lunch-dinner/crunch-fried_fish_sandwich.jpg?sfvrsn=2&size=1125,menu-items,lunch-dinner,crunch-fried_fish_sandwich,jpg,sfvrsn=2&size=1125
https://www.redlobster.ca/images/default-source/images/menu-items/lunch-dinner/bacon-cheddar-chicken-club.jpg?sfvrsn=4&size=1125,menu-items,lunch-dinner,bacon-cheddar-chicken-club,jpg,sfvrsn=4&size=1125
https://www.redlobster.ca/ResourcePackages/RedLobster/assets/dist/images/gc-desktop-right.png,dist,images,gc-desktop-right,png,
https://www.redlobster.ca/images/default-source/images/menu-items/lunch-dinner/bar_harbor_lobster_bake.jpg?sfvrsn=2&size=1125,menu-items,lunch-dinner,bar_harbor_lobster_bake,jpg,sfvrsn=2&size=1125
https://www.redlobster.ca/images/default-source/images/menu-items/lunch-dinner/crab_linguini_alfredo.jpg?sfvrsn=2&size=1125,menu-items,lunch-dinner,crab_linguini_alfredo,jpg,sfvrsn=2&size=1125
https://www.redlobster.ca/images/default-source/images/menu-items/lunch-dinner/grilledchicken_kidsentree_must_265_r2.jpg?sfvrsn=2&size=1125,menu-items,lunch-dinner,grilledchicken_kidsentree_must_265_r2,jpg,sfvrsn=2&size=1125
https://www.redlobster.ca/images/default-source/images/menu-items/lunch-dinner/chickenbreaststrips_cn_145_r2.jpg?sfvrsn=2&size=1125,menu-items,lunch-dinner,chickenbreaststrips_cn_145_r2,jpg,sfvrsn=2&size=1125
https://www.redlobster.ca/images/default-source/images/menu-items/lunch-dinner/hand-battered-fish-and-chips.jpg?sfvrsn=2&size=1125,menu-items,lunch-dinner,hand-battered-fish-and-chips,jpg,sfvrsn=2&size=1125
http://staging.redlobster.com/images/default-source/images/special-menu/lobsterfest/event-lockup.png?sfvrsn=0,special-menu,lobsterfest,event-lockup,png,sfvrsn=0
https://www.redlobster.ca/images/default-source/images/menu-items/lunch-dinner/1800x614_snowcrablegs.jpg?sfvrsn=2&size=1125,menu-items,lunch-dinner,1800x614_snowcrablegs,jpg,sfvrsn=2&size=1125
https://www.redlobster.ca/images/default-source/Headers/image-3.jpg?sfvrsn=0&size=1125,image-3.jpg?sfvrsn=0&size=1125,,image-3,jpg,sfvrsn=0&size=1125
https://www.redlobster.ca/images/default-source/Headers/image-3-(2).jpg?sfvrsn=0&size=1125,image-3-(2).jpg?sfvrsn=0&size=1125,,image-3-(2),jpg,sfvrsn=0&size=1125
https://www.redlobster.ca/images/default-source/images/menu-items/lunch-dinner/seaside_sampler.jpg?sfvrsn=2&size=1125,menu-items,lunch-dinner,seaside_sampler,jpg,sfvrsn=2&size=1125
https://www.redlobster.ca/images/default-source/images/menu-items/lunch-dinner/shrimp_liguini_alfredo.jpg?sfvrsn=2&size=1125,menu-items,lunch-dinner,shrimp_liguini_alfredo,jpg,sfvrsn=2&size=1125
https://www.redlobster.ca/images/default-source/images/menu-items/lunch-dinner/crablinguini_1800x614_core.jpg?sfvrsn=0&size=1125,menu-items,lunch-dinner,crablinguini_1800x614_core,jpg,sfvrsn=0&size=1125
https://www.redlobster.ca/images/default-source/images/news-press/leadership/salli.png?sfvrsn=2,news-press,leadership,salli,png,sfvrsn=2
https://www.redlobster.ca/images/default-source/images/menu-items/lunch-dinner/escargot_1800x614_core.jpg?sfvrsn=0&size=1125,menu-items,lunch-dinner,escargot_1800x614_core,jpg,sfvrsn=0&size=1125
https://www.redlobster.ca/images/default-source/images/menu-items/lunch-dinner/shrimplinguini_1800x614_core.jpg?sfvrsn=0&size=1125,menu-items,lunch-dinner,shrimplinguini_1800x614_core,jpg,sfvrsn=0&size=1125
https://www.redlobster.ca/images/default-source/images/menu-items/lunch-dinner/mussels_1800x614_core.jpg?sfvrsn=0&size=1125,menu-items,lunch-dinner,mussels_1800x614_core,jpg,sfvrsn=0&size=1125
https://www.redlobster.ca/images/default-source/Headers/mussels_1800x614_core.jpg?sfvrsn=0&size=1125,mussels_1800x614_core.jpg?sfvrsn=0&size=1125,,mussels_1800x614_core,jpg,sfvrsn=0&size=1125
https://www.redlobster.ca/images/default-source/images/menu-items/lunch-dinner/lobster_bisque8b7999c52fd36f18be94ff0000d9e22d.jpg?sfvrsn=2&size=1125,menu-items,lunch-dinner,lobster_bisque8b7999c52fd36f18be94ff0000d9e22d,jpg,sfvrsn=2&size=1125
https://www.redlobster.ca/images/default-source/images/menu-items/lunch-dinner/cajunchicken_1800x614_core.jpg?sfvrsn=0&size=1125,menu-items,lunch-dinner,cajunchicken_1800x614_core,jpg,sfvrsn=0&size=1125
https://www.redlobster.ca/images/default-source/images/menu-items/lunch-dinner/new-england-clam-chowder.jpg?sfvrsn=2&size=1125,menu-items,lunch-dinner,new-england-clam-chowder,jpg,sfvrsn=2&size=1125
https://www.redlobster.ca/images/default-source/images/menu-items/lunch-dinner/cajun_chicken_linguine_alfredo.jpg?sfvrsn=2&size=1125,menu-items,lunch-dinner,cajun_chicken_linguine_alfredo,jpg,sfvrsn=2&size=1125
https://www.redlobster.ca/images/default-source/images/menu-items/lunch-dinner/mozzarella_cheese_sticks_can.jpg?sfvrsn=2&size=1125,menu-items,lunch-dinner,mozzarella_cheese_sticks_can,jpg,sfvrsn=2&size=1125
https://www.redlobster.ca/images/default-source/images/social-photos/341x341_kid.jpg?sfvrsn=0,social-photos,341x341_kid.jpg?sfvrsn=0,341x341_kid,jpg,sfvrsn=0
https://www.redlobster.ca/images/default-source/images/menu-items/lunch-dinner/live_maine_lobster.jpg?sfvrsn=2&size=1125,menu-items,lunch-dinner,live_maine_lobster,jpg,sfvrsn=2&size=1125
https://www.redlobster.ca/images/default-source/images/menu-items/lunch-dinner/creamy-potato-bacon-soup.jpg?sfvrsn=2&size=1125,menu-items,lunch-dinner,creamy-potato-bacon-soup,jpg,sfvrsn=2&size=1125
https://www.redlobster.ca/images/default-source/images/social-photos/341x341_lobstergirl.jpg?sfvrsn=0,social-photos,,341x341_lobstergirl,jpg,sfvrsn=0
https://www.redlobster.ca/images/default-source/images/navigation/menu-fresh-fish.jpg?sfvrsn=6,navigation,,menu-fresh-fish,jpg,sfvrsn=6
https://www.redlobster.ca/images/default-source/images/navigation/lighter_fare.jpg?sfvrsn=2,navigation,,lighter_fare,jpg,sfvrsn=2
https://www.redlobster.ca/images/default-source/images/navigation/dinner.jpg?sfvrsn=2,navigation,,dinner,jpg,sfvrsn=2
https://www.redlobster.ca/images/default-source/images/navigation/kids.jpg?sfvrsn=2,navigation,,kids,jpg,sfvrsn=2
https://www.redlobster.ca/images/default-source/images/work-with-us/rl_desktop_careers-2.jpg?sfvrsn=0,work-with-us,,rl_desktop_careers-2,jpg,sfvrsn=0
https://www.redlobster.ca/images/default-source/images/work-with-us/rl_desktop_careers-3.jpg?sfvrsn=0,work-with-us,,rl_desktop_careers-3,jpg,sfvrsn=0
https://www.redlobster.ca/images/default-source/images/work-with-us/rl_desktop_careers-1.jpg?sfvrsn=0,work-with-us,,rl_desktop_careers-1,jpg,sfvrsn=0
https://www.redlobster.ca/images/default-source/images/work-with-us/rl_desktop_careers-4.jpg?sfvrsn=0,work-with-us,,rl_desktop_careers-4,jpg,sfvrsn=0
https://www.redlobster.ca/images/default-source/images/navigation/lunch.jpg?sfvrsn=2,navigation,,lunch,jpg,sfvrsn=2
https://www.redlobster.ca/images/default-source/images/events/crabfest/ribbon-es.png?sfvrsn=2,events,crabfest,ribbon-es,png,sfvrsn=2
https://www.redlobster.ca/images/default-source/images/social-photos/lobsterworthy_341x341.jpg?sfvrsn=0,social-photos,lobsterworthy_341x341.jpg?sfvrsn=0,lobsterworthy_341x341,jpg,sfvrsn=0
https://www.redlobster.ca/images/default-source/images/news-press/media-downloads/md-03.jpg?sfvrsn=2,news-press,media-downloads,md-03,jpg,sfvrsn=2
https://www.redlobster.ca/images/default-source/images/menu-items/lunch-dinner/shrimp_cocktail.jpg?sfvrsn=2&size=1125,menu-items,lunch-dinner,shrimp_cocktail,jpg,sfvrsn=2&size=1125
https://www.redlobster.ca/ResourcePackages/RedLobster/assets/dist/images/browser_icon_firefox.png,dist,images,browser_icon_firefox,png,
https://www.redlobster.ca/ResourcePackages/RedLobster/assets/dist/images/browser_icon_safari.png,dist,images,browser_icon_safari,png,
https://www.redlobster.ca/ResourcePackages/RedLobster/assets/dist/images/browser_icon_ie.png,dist,images,browser_icon_ie,png,
https://www.redlobster.ca/ResourcePackages/RedLobster/assets/dist/images/browser_icon_chrome.png,dist,images,browser_icon_chrome,png,
https://www.redlobster.ca/ResourcePackages/RedLobster/assets/dist/images/logo.png,dist,images,logo,png,
https://www.redlobster.ca/images/default-source/images/misc/team-04.jpg?sfvrsn=0,misc,team-04.jpg?sfvrsn=0,team-04,jpg,sfvrsn=0
https://www.redlobster.ca/images/default-source/images/news-press/leadership/team-01.jpg?sfvrsn=0,news-press,leadership,team-01,jpg,sfvrsn=0
https://www.redlobster.ca/images/default-source/images/work-with-us/canada-39-s-best-employers-2016.jpg?sfvrsn=4,work-with-us,canada-39-s-best-employers-2016.jpg?sfvrsn=4,canada-39-s-best-employers-2016,jpg,sfvrsn=4
https://www.redlobster.ca/images/default-source/images/news-press/leadership/team-06.jpg?sfvrsn=0,news-press,leadership,team-06,jpg,sfvrsn=0
https://www.redlobster.ca/images/default-source/images/events/crabfest/ribbon-us.png?sfvrsn=2,events,crabfest,ribbon-us,png,sfvrsn=2
https://www.redlobster.ca/images/default-source/images/news-press/leadership/team-05.jpg?sfvrsn=0,news-press,leadership,team-05,jpg,sfvrsn=0
https://www.redlobster.ca/images/default-source/images/events/crabfest/ribbon-ca.png?sfvrsn=2,events,crabfest,ribbon-ca,png,sfvrsn=2
https://www.redlobster.ca/images/default-source/images/news-press/leadership/team-03.jpg?sfvrsn=0,news-press,leadership,team-03,jpg,sfvrsn=0
https://www.redlobster.ca/ResourcePackages/RedLobster/assets/dist/images/silhouette-lobster.png,dist,images,silhouette-lobster,png,
https://www.redlobster.ca/ResourcePackages/RedLobster/assets/dist/images/silhouette-crab.png,dist,images,silhouette-crab,png,
https://www.redlobster.ca/images/default-source/images/news-press/media-downloads/Teasers/rl_logo_teaser.png?sfvrsn=0,news-press,media-downloads,rl_logo_teaser,png,sfvrsn=0
https://www.redlobster.ca/ResourcePackages/RedLobster/assets/dist/images/social-share-sprite.png,dist,images,social-share-sprite,png,
https://www.redlobster.ca/images/default-source/images/work-with-us/glassdoor-logo.jpg?sfvrsn=0,work-with-us,glassdoor-logo.jpg?sfvrsn=0,glassdoor-logo,jpg,sfvrsn=0