url,,,,,,,,,name,type,extra
https://www.redlobster.com/images/default-source/images/menu-items/lunch-dinner/grilledchicken_kidsentree_must_265_r2.jpg?sfvrsn=2,https:,,www.redlobster.com,images,default-source,images,menu-items,lunch-dinner,grilledchicken_kidsentree_must_265_r2,jpg,sfvrsn=2
https://www.redlobster.com/images/default-source/images/menu-items/lunch-dinner/roastedmainelobsterbake_grabs_088_r2.jpg?sfvrsn=2,https:,,www.redlobster.com,images,default-source,images,menu-items,lunch-dinner,roastedmainelobsterbake_grabs_088_r2,jpg,sfvrsn=2
https://www.redlobster.com/images/default-source/images/menu-items/lunch-dinner/woodgrilledchickensandwich_121_r2.jpg?sfvrsn=2,https:,,www.redlobster.com,images,default-source,images,menu-items,lunch-dinner,woodgrilledchickensandwich_121_r2,jpg,sfvrsn=2
https://www.redlobster.com/images/default-source/images/menu-items/lighter-fare/m_mapleglazedchicken_1625.jpg?sfvrsn=0,https:,,www.redlobster.com,images,default-source,images,menu-items,lighter-fare,m_mapleglazedchicken_1625,jpg,sfvrsn=0
https://www.redlobster.com/images/default-source/images/menu-items/lunch-dinner/m_mapleglazedchicken_1625.jpg?sfvrsn=0,https:,,www.redlobster.com,images,default-source,images,menu-items,lunch-dinner,m_mapleglazedchicken_1625,jpg,sfvrsn=0
https://www.redlobster.com/images/default-source/images/news-press/wood_grilled_shrimp_salmon_lobster.jpg?sfvrsn=0,https:,,www.redlobster.com,images,default-source,images,news-press,wood_grilled_shrimp_salmon_lobster.jpg?sfvrsn=0,wood_grilled_shrimp_salmon_lobster,jpg,sfvrsn=0
https://www.redlobster.com/images/default-source/images/menu-items/lunch-dinner/4coursefeast.jpg?sfvrsn=2,https:,,www.redlobster.com,images,default-source,images,menu-items,lunch-dinner,4coursefeast,jpg,sfvrsn=2
https://www.redlobster.com/images/default-source/images/menu-items/lunch-dinner/sailors-platter.jpg?sfvrsn=2,https:,,www.redlobster.com,images,default-source,images,menu-items,lunch-dinner,sailors-platter,jpg,sfvrsn=2
https://www.redlobster.com/images/default-source/images/menu-items/lunch-dinner/crispy-shrimp-lettuce-wrap.jpg?sfvrsn=2,https:,,www.redlobster.com,images,default-source,images,menu-items,lunch-dinner,crispy-shrimp-lettuce-wrap,jpg,sfvrsn=2
https://www.redlobster.com/images/default-source/Headers/lunch-item-detail-page-header_1800x614.jpg?sfvrsn=0,https:,,www.redlobster.com,images,default-source,Headers,menu-items,lunch-item-detail-page-header_1800x614.jpg?sfvrsn=0,lunch-item-detail-page-header_1800x614,jpg,sfvrsn=0
https://www.redlobster.com/images/default-source/Headers/lll1.png?sfvrsn=0,https:,,www.redlobster.com,images,default-source,Headers,lll1.png?sfvrsn=0,lll1.png?sfvrsn=0,lll1,png,sfvrsn=0
https://www.redlobster.com/images/default-source/images/menu-items/lunch-dinner/hand-battered-fish-and-chips.jpg?sfvrsn=2,https:,,www.redlobster.com,images,default-source,images,menu-items,lunch-dinner,hand-battered-fish-and-chips,jpg,sfvrsn=2
https://www.redlobster.com/images/default-source/images/menu-items/lunch-dinner/seaside_sampler.jpg?sfvrsn=2,https:,,www.redlobster.com,images,default-source,images,menu-items,lunch-dinner,seaside_sampler,jpg,sfvrsn=2
https://www.redlobster.com/images/default-source/Headers/image-3-(1).jpg?sfvrsn=0,https:,,www.redlobster.com,images,default-source,Headers,image-3-(1).jpg?sfvrsn=0,,image-3-(1),jpg,sfvrsn=0
https://www.redlobster.com/images/default-source/Headers/image-3.jpg?sfvrsn=0,https:,,www.redlobster.com,images,default-source,Headers,image-3.jpg?sfvrsn=0,,image-3,jpg,sfvrsn=0
https://www.redlobster.com/images/default-source/images/menu-items/lunch-dinner/manhattan-chowder.jpg?sfvrsn=2,https:,,www.redlobster.com,images,default-source,images,menu-items,lunch-dinner,manhattan-chowder,jpg,sfvrsn=2
https://www.redlobster.com/images/default-source/images/menu-items/lunch-dinner/new-england-clam-chowder.jpg?sfvrsn=2,https:,,www.redlobster.com,images,default-source,images,menu-items,lunch-dinner,new-england-clam-chowder,jpg,sfvrsn=2
https://www.redlobster.com/images/default-source/images/menu-items/lunch-dinner/creamy-potato-bacon-soup.jpg?sfvrsn=2,https:,,www.redlobster.com,images,default-source,images,menu-items,lunch-dinner,creamy-potato-bacon-soup,jpg,sfvrsn=2
https://www.redlobster.com/images/default-source/images/special-menu/lobsterfest/seaport-lobster-and-shrimp.png?sfvrsn=0,https:,,www.redlobster.com,images,default-source,images,special-menu,lobsterfest,seaport-lobster-and-shrimp,png,sfvrsn=0
https://www.redlobster.com/images/default-source/images/news-press/srirachashrimppressrelease.png?sfvrsn=2,https:,,www.redlobster.com,images,default-source,images,news-press,srirachashrimppressrelease.png?sfvrsn=2,srirachashrimppressrelease,png,sfvrsn=2
https://www.redlobster.com/images/default-source/images/special-menu/lobsterfest/new!-wood-grilled-lobster-and-red-shrimp.png?sfvrsn=0,https:,,www.redlobster.com,images,default-source,images,special-menu,lobsterfest,new!-wood-grilled-lobster-and-red-shrimp,png,sfvrsn=0
https://www.redlobster.com/images/default-source/images/menu-items/lunch-dinner/lobster_pizza_usa.jpg?sfvrsn=2,https:,,www.redlobster.com,images,default-source,images,menu-items,lunch-dinner,lobster_pizza_usa,jpg,sfvrsn=2
https://www.redlobster.com/images/default-source/images/news-press/parmesanpeppercornpressrelease.png?sfvrsn=2,https:,,www.redlobster.com,images,default-source,images,news-press,parmesanpeppercornpressrelease.png?sfvrsn=2,parmesanpeppercornpressrelease,png,sfvrsn=2
https://www.redlobster.com/images/default-source/images/menu-items/lunch-dinner/walleye_dinner.jpg?sfvrsn=2,https:,,www.redlobster.com,images,default-source,images,menu-items,lunch-dinner,walleye_dinner,jpg,sfvrsn=2
https://www.redlobster.com/images/default-source/images/special-menu/lobsterfest/wood-grilled-lobster-shrimp-and-salmon.png?sfvrsn=0,https:,,www.redlobster.com,images,default-source,images,special-menu,lobsterfest,wood-grilled-lobster-shrimp-and-salmon,png,sfvrsn=0
https://www.redlobster.com/images/default-source/images/special-menu/lobsterfest/ultimate-feast7d159fc52fd36f18be94ff4100d9e22d.png?sfvrsn=0,https:,,www.redlobster.com,images,default-source,images,special-menu,lobsterfest,ultimate-feast7d159fc52fd36f18be94ff4100d9e22d,png,sfvrsn=0
https://www.redlobster.com/images/default-source/images/events/big-festival-of-shrimp/big-festival-of-shrimp-image-1.jpg?sfvrsn=0,https:,,www.redlobster.com,images,default-source,images,events,big-festival-of-shrimp,big-festival-of-shrimp-image-1,jpg,sfvrsn=0
https://www.redlobster.com/images/default-source/images/menu-items/lunch-dinner/ultimate_feast.jpg?sfvrsn=2,https:,,www.redlobster.com,images,default-source,images,menu-items,lunch-dinner,ultimate_feast,jpg,sfvrsn=2
https://www.redlobster.com/images/default-source/images/menu-items/lunch-dinner/admirals_feast.jpg?sfvrsn=2,https:,,www.redlobster.com,images,default-source,images,menu-items,lunch-dinner,admirals_feast,jpg,sfvrsn=2
https://www.redlobster.com/images/default-source/images/menu-items/lunch-dinner/salmon_new_orleans.jpg?sfvrsn=2,https:,,www.redlobster.com,images,default-source,images,menu-items,lunch-dinner,salmon_new_orleans,jpg,sfvrsn=2
https://www.redlobster.com/images/default-source/images/menu-items/lunch-dinner/syw_popcornshrimp_friedshrimp_conconutshrimpbitese7a19ac52fd36f18be94ff0000d9e22d.jpg?sfvrsn=2,https:,,www.redlobster.com,images,default-source,images,menu-items,lunch-dinner,syw_popcornshrimp_friedshrimp_conconutshrimpbitese7a19ac52fd36f18be94ff0000d9e22d,jpg,sfvrsn=2
https://www.redlobster.com/images/default-source/images/special-menu/lobsterfest/lobster-lover-s-dream.png?sfvrsn=0,https:,,www.redlobster.com,images,default-source,images,special-menu,lobsterfest,lobster-lover-s-dream,png,sfvrsn=0
https://www.redlobster.com/images/default-source/images/special-menu/lobsterfest/roasted-maritime-lobster-bake.png?sfvrsn=0,https:,,www.redlobster.com,images,default-source,images,special-menu,lobsterfest,roasted-maritime-lobster-bake,png,sfvrsn=0
https://www.redlobster.com/images/default-source/images/menu-items/lunch-dinner/wood_grilled_salmon_shrimp_linguini_alfredo.jpg?sfvrsn=2,https:,,www.redlobster.com,images,default-source,images,menu-items,lunch-dinner,wood_grilled_salmon_shrimp_linguini_alfredo,jpg,sfvrsn=2
https://www.redlobster.com/images/default-source/images/special-menu/lobsterfest/new!-lobster-mix-and-match.png?sfvrsn=0,https:,,www.redlobster.com,images,default-source,images,special-menu,lobsterfest,new!-lobster-mix-and-match,png,sfvrsn=0
https://www.redlobster.com/images/default-source/images/special-menu/lobsterfest/new!-stuffed-tilapia-with-langostino-lobster.png?sfvrsn=0,https:,,www.redlobster.com,images,default-source,images,special-menu,lobsterfest,new!-stuffed-tilapia-with-langostino-lobster,png,sfvrsn=0
https://www.redlobster.com/images/default-source/images/menu-items/lunch-dinner/catfish.jpg?sfvrsn=2,https:,,www.redlobster.com,images,default-source,images,menu-items,lunch-dinner,catfish,jpg,sfvrsn=2
https://www.redlobster.com/images/default-source/images/menu-items/lunch-dinner/crunch_fried_fish_scampi.jpg?sfvrsn=2,https:,,www.redlobster.com,images,default-source,images,menu-items,lunch-dinner,crunch_fried_fish_scampi,jpg,sfvrsn=2
https://www.redlobster.com/images/default-source/images/menu-items/lunch-dinner/wild_flounder_lunch.jpg?sfvrsn=2,https:,,www.redlobster.com,images,default-source,images,menu-items,lunch-dinner,wild_flounder_lunch,jpg,sfvrsn=2
https://www.redlobster.com/images/default-source/images/menu-items/lunch-dinner/wood_grilled_shrimp_skewers_can.jpg?sfvrsn=2,https:,,www.redlobster.com,images,default-source,images,menu-items,lunch-dinner,wood_grilled_shrimp_skewers_can,jpg,sfvrsn=2
https://www.redlobster.com/images/default-source/images/special-menu/lobsterfest/new!-lobsterfest-surf-turf.png?sfvrsn=0,https:,,www.redlobster.com,images,default-source,images,special-menu,lobsterfest,new!-lobsterfest-surf-turf,png,sfvrsn=0
https://www.redlobster.com/images/default-source/images/menu-items/lunch-dinner/m_lh_garlicgrilledshrimp.jpg?sfvrsn=2,https:,,www.redlobster.com,images,default-source,images,menu-items,lunch-dinner,m_lh_garlicgrilledshrimp,jpg,sfvrsn=2
https://www.redlobster.com/images/default-source/images/news-press/media-downloads/Teasers/4sweetchilishrimp_crave_582.png?sfvrsn=0,https:,,www.redlobster.com,images,default-source,images,news-press,media-downloads,Teasers,,
https://www.redlobster.com/images/default-source/images/menu-items/lunch-dinner/seaside_shrimp_trio.jpg?sfvrsn=2,https:,,www.redlobster.com,images,default-source,images,menu-items,lunch-dinner,seaside_shrimp_trio,jpg,sfvrsn=2
https://www.redlobster.com/images/default-source/images/menu-items/kids/kids_garlic_grilled_shrimp.jpg?sfvrsn=2,https:,,www.redlobster.com,images,default-source,images,menu-items,kids,kids_garlic_grilled_shrimp,jpg,sfvrsn=2
https://www.redlobster.com/images/default-source/images/special-menu/lobsterfest/roasted-carrots-and-butternut-squash-with-bourbon-brown-butter.png?sfvrsn=0,https:,,www.redlobster.com,images,default-source,images,special-menu,lobsterfest,roasted-carrots-and-butternut-squash-with-bourbon-brown-butter,png,sfvrsn=0
https://www.redlobster.com/images/default-source/images/menu-items/lunch-dinner/parmesan_crusted_tilapia.jpg?sfvrsn=2,https:,,www.redlobster.com,images,default-source,images,menu-items,lunch-dinner,parmesan_crusted_tilapia,jpg,sfvrsn=2
https://www.redlobster.com/images/default-source/images/events/summerfest/bg.jpg?sfvrsn=2,https:,,www.redlobster.com,images,default-source,images,events,summerfest,bg,jpg,sfvrsn=2
https://www.redlobster.com/images/default-source/images/special-menu/lobsterfest/roasted-green-beans-with-mushrooms.png?sfvrsn=0,https:,,www.redlobster.com,images,default-source,images,special-menu,lobsterfest,roasted-green-beans-with-mushrooms,png,sfvrsn=0
https://www.redlobster.com/images/default-source/images/events/big-festival-of-shrimp/big-festival-of-shrimp-teaser.png?sfvrsn=0,https:,,www.redlobster.com,images,default-source,images,events,big-festival-of-shrimp,big-festival-of-shrimp-teaser,png,sfvrsn=0
https://www.redlobster.com/images/default-source/images/menu-items/lunch-dinner/sweet_chili_shrimp.jpg?sfvrsn=2,https:,,www.redlobster.com,images,default-source,images,menu-items,lunch-dinner,sweet_chili_shrimp,jpg,sfvrsn=2
https://www.redlobster.com/images/default-source/images/menu-items/lunch-dinner/hand_breaded_shrimp.jpg?sfvrsn=2,https:,,www.redlobster.com,images,default-source,images,menu-items,lunch-dinner,hand_breaded_shrimp,jpg,sfvrsn=2
https://www.redlobster.com/images/default-source/images/menu-items/lunch-dinner/wood_grilled_skewers_shrimp.jpg?sfvrsn=2,https:,,www.redlobster.com,images,default-source,images,menu-items,lunch-dinner,wood_grilled_skewers_shrimp,jpg,sfvrsn=2
https://www.redlobster.com/images/default-source/images/menu-items/lunch-dinner/center_cut_ny_strip_steak.jpg?sfvrsn=2,https:,,www.redlobster.com,images,default-source,images,menu-items,lunch-dinner,center_cut_ny_strip_steak,jpg,sfvrsn=2
https://www.redlobster.com/images/default-source/images/menu-items/lunch-dinner/wild-flounder--dinner.jpg?sfvrsn=2,https:,,www.redlobster.com,images,default-source,images,menu-items,lunch-dinner,wild-flounder--dinner,jpg,sfvrsn=2
https://www.redlobster.com/images/default-source/images/menu-items/lunch-dinner/ny_strip_and_lobster_tail.jpg?sfvrsn=2,https:,,www.redlobster.com,images,default-source,images,menu-items,lunch-dinner,ny_strip_and_lobster_tail,jpg,sfvrsn=2
https://www.redlobster.com/images/default-source/images/menu-items/imagecomingsoon.jpg?Status=Master&sfvrsn=4,https:,,www.redlobster.com,images,default-source,images,menu-items,imagecomingsoon.jpg?Status=Master&sfvrsn=4,imagecomingsoon,jpg,Status=Master&sfvrsn=4
https://www.redlobster.com/images/default-source/images/menu-items/imagecomingsoon.jpg?sfvrsn=4,https:,,www.redlobster.com,images,default-source,images,menu-items,imagecomingsoon.jpg?sfvrsn=4,imagecomingsoon,jpg,sfvrsn=4
https://www.redlobster.com/images/default-source/images/menu-items/lunch-dinner/maple_glazed_chicken.jpg?sfvrsn=2,https:,,www.redlobster.com,images,default-source,images,menu-items,lunch-dinner,maple_glazed_chicken,jpg,sfvrsn=2
https://www.redlobster.com/images/default-source/images/menu-items/lunch-dinner/walts_favorite_shrimp.jpg?sfvrsn=2,https:,,www.redlobster.com,images,default-source,images,menu-items,lunch-dinner,walts_favorite_shrimp,jpg,sfvrsn=2
https://www.redlobster.com/images/default-source/images/menu-items/kids/kids_chicken_fingers_ketchup.jpg?sfvrsn=2,https:,,www.redlobster.com,images,default-source,images,menu-items,kids,kids_chicken_fingers_ketchup,jpg,sfvrsn=2
https://www.redlobster.com/images/default-source/images/menu-items/lunch-dinner/garlic_shrimp_scampi.jpg?sfvrsn=2,https:,,www.redlobster.com,images,default-source,images,menu-items,lunch-dinner,garlic_shrimp_scampi,jpg,sfvrsn=2
https://www.redlobster.com/images/default-source/images/menu-items/lunch-dinner/fried_oyster.jpg?sfvrsn=2,https:,,www.redlobster.com,images,default-source,images,menu-items,lunch-dinner,fried_oyster,jpg,sfvrsn=2
https://www.redlobster.com/images/default-source/images/menu-items/lunch-dinner/wood_grilled_peppercorn_sirloin_and_shrimp.jpg?sfvrsn=2,https:,,www.redlobster.com,images,default-source,images,menu-items,lunch-dinner,wood_grilled_peppercorn_sirloin_and_shrimp,jpg,sfvrsn=2
https://www.redlobster.com/images/default-source/images/menu-items/lunch-dinner/jumbo_coconut_shrimp.jpg?sfvrsn=2,https:,,www.redlobster.com,images,default-source,images,menu-items,lunch-dinner,jumbo_coconut_shrimp,jpg,sfvrsn=2
https://www.redlobster.com/images/default-source/images/special-menu/lobsterfest/new!-chilled-lobster-and-shrimp-cocktail.png?sfvrsn=0,https:,,www.redlobster.com,images,default-source,images,special-menu,lobsterfest,new!-chilled-lobster-and-shrimp-cocktail,png,sfvrsn=0
https://www.redlobster.com/images/default-source/images/menu-items/lunch-dinner/wild-flounder-lunch.jpg?sfvrsn=2,https:,,www.redlobster.com,images,default-source,images,menu-items,lunch-dinner,wild-flounder-lunch,jpg,sfvrsn=2
https://www.redlobster.com/images/default-source/images/menu-items/lunch-dinner/m_woodgrilled_lobsteshrimpsalmon_us.jpg?sfvrsn=2,https:,,www.redlobster.com,images,default-source,images,menu-items,lunch-dinner,m_woodgrilled_lobsteshrimpsalmon_us,jpg,sfvrsn=2
https://www.redlobster.com/images/default-source/images/menu-items/lunch-dinner/crunchy_popcorn_shrimp.jpg?sfvrsn=2,https:,,www.redlobster.com,images,default-source,images,menu-items,lunch-dinner,crunchy_popcorn_shrimp,jpg,sfvrsn=2
https://www.redlobster.com/images/default-source/images/menu-items/lunch-dinner/lobster_tacos.jpg?sfvrsn=2,https:,,www.redlobster.com,images,default-source,images,menu-items,lunch-dinner,lobster_tacos,jpg,sfvrsn=2
https://www.redlobster.com/images/default-source/images/menu-items/lunch-dinner/shrimp_wood_grilled_chicken_usa.jpg?sfvrsn=2,https:,,www.redlobster.com,images,default-source,images,menu-items,lunch-dinner,shrimp_wood_grilled_chicken_usa,jpg,sfvrsn=2
https://www.redlobster.com/images/default-source/images/menu-items/kids/kids_popcorn_shrimp.jpg?sfvrsn=2,https:,,www.redlobster.com,images,default-source,images,menu-items,kids,kids_popcorn_shrimp,jpg,sfvrsn=2
https://www.redlobster.com/images/default-source/images/special-menu/lobsterfest/new!-lobsterfest-fizz.png?sfvrsn=0,https:,,www.redlobster.com,images,default-source,images,special-menu,lobsterfest,new!-lobsterfest-fizz,png,sfvrsn=0
https://www.redlobster.com/images/default-source/images/menu-items/lunch-dinner/m_woodgrilledcheeseburger_cheese_073.jpg?sfvrsn=2,https:,,www.redlobster.com,images,default-source,images,menu-items,lunch-dinner,m_woodgrilledcheeseburger_cheese_073,jpg,sfvrsn=2
https://www.redlobster.com/images/default-source/images/special-menu/lobsterfest/new!-island-lobster-punch.png?sfvrsn=0,https:,,www.redlobster.com,images,default-source,images,special-menu,lobsterfest,new!-island-lobster-punch,png,sfvrsn=0
https://www.redlobster.com/images/default-source/images/menu-items/lunch-dinner/1800x614_snowcrablegs.jpg?sfvrsn=2,https:,,www.redlobster.com,images,default-source,images,menu-items,lunch-dinner,1800x614_snowcrablegs,jpg,sfvrsn=2
https://www.redlobster.com/images/default-source/images/menu-items/lunch-dinner/wood_grilled_peppercorn_sirloin.jpg?sfvrsn=2,https:,,www.redlobster.com,images,default-source,images,menu-items,lunch-dinner,wood_grilled_peppercorn_sirloin,jpg,sfvrsn=2
https://www.redlobster.com/images/default-source/images/menu-items/lunch-dinner/rock_lobster_tail_us.jpg?sfvrsn=2,https:,,www.redlobster.com,images,default-source,images,menu-items,lunch-dinner,rock_lobster_tail_us,jpg,sfvrsn=2
https://www.redlobster.com/images/default-source/images/menu-items/kids/kids_macaroni_and_cheese.jpg?sfvrsn=2,https:,,www.redlobster.com,images,default-source,images,menu-items,kids,kids_macaroni_and_cheese,jpg,sfvrsn=2
https://www.redlobster.com/images/default-source/images/menu-items/lunch-dinner/coastal_soup_and_salad.jpg?sfvrsn=2,https:,,www.redlobster.com,images,default-source,images,menu-items,lunch-dinner,coastal_soup_and_salad,jpg,sfvrsn=2
https://www.redlobster.com/images/default-source/images/menu-items/lunch-dinner/lunch_classic_caesar_salad.jpg?sfvrsn=2,https:,,www.redlobster.com,images,default-source,images,menu-items,lunch-dinner,lunch_classic_caesar_salad,jpg,sfvrsn=2
https://www.redlobster.com/images/default-source/images/menu-items/lunch-dinner/crablegs_1800x614_core.jpg?sfvrsn=0,https:,,www.redlobster.com,images,default-source,images,menu-items,lunch-dinner,crablegs_1800x614_core,jpg,sfvrsn=0
https://www.redlobster.com/images/default-source/images/menu-items/kids/kids_snow_crab.jpg?sfvrsn=2,https:,,www.redlobster.com,images,default-source,images,menu-items,kids,kids_snow_crab,jpg,sfvrsn=2
https://www.redlobster.com/images/default-source/images/special-menu/lobsterfest/bananas-foster-cheesecake.png?sfvrsn=0,https:,,www.redlobster.com,images,default-source,images,special-menu,lobsterfest,bananas-foster-cheesecake,png,sfvrsn=0
https://www.redlobster.com/ResourcePackages/RedLobster/assets/dist/images/Hub_WhatWeServe_BG.jpg,https:,,www.redlobster.com,ResourcePackages,RedLobster,assets,dist,images,Hub_WhatWeServe_BG,jpg,
https://www.redlobster.com/images/default-source/images/menu-items/lunch-dinner/crab_linguini_alfredo.jpg?sfvrsn=2,https:,,www.redlobster.com,images,default-source,images,menu-items,lunch-dinner,crab_linguini_alfredo,jpg,sfvrsn=2
https://www.redlobster.com/images/default-source/images/events/big-festival-of-shrimp/big-festival-of-shrimp-image-2.jpg?sfvrsn=0,https:,,www.redlobster.com,images,default-source,images,events,big-festival-of-shrimp,big-festival-of-shrimp-image-2,jpg,sfvrsn=0
https://www.redlobster.com/images/default-source/images/menu-items/lunch-dinner/maple-glazed-chicken-lunch-us.jpg?sfvrsn=2,https:,,www.redlobster.com,images,default-source,images,menu-items,lunch-dinner,maple-glazed-chicken-lunch-us,jpg,sfvrsn=2
https://www.redlobster.com/images/default-source/images/menu-items/lunch-dinner/crispy-calamari-and-vegetables-us.jpg?sfvrsn=2,https:,,www.redlobster.com,images,default-source,images,menu-items,lunch-dinner,crispy-calamari-and-vegetables-us,jpg,sfvrsn=2
https://www.redlobster.com/images/default-source/images/news-press/media-downloads/582x352_korean_shrimp.jpg?sfvrsn=0,https:,,www.redlobster.com,images,default-source,images,news-press,media-downloads,582x352_korean_shrimp,jpg,sfvrsn=0
https://www.redlobster.com/images/default-source/images/menu-items/kids/kids_broiled_fish.jpg?sfvrsn=2,https:,,www.redlobster.com,images,default-source,images,menu-items,kids,kids_broiled_fish,jpg,sfvrsn=2
https://www.redlobster.com/images/default-source/images/menu-items/lunch-dinner/bar_harbor_lobster_bake.jpg?sfvrsn=2,https:,,www.redlobster.com,images,default-source,images,menu-items,lunch-dinner,bar_harbor_lobster_bake,jpg,sfvrsn=2
https://www.redlobster.com/images/default-source/images/menu-items/lunch-dinner/shrimp_liguini_alfredo.jpg?sfvrsn=2,https:,,www.redlobster.com,images,default-source,images,menu-items,lunch-dinner,shrimp_liguini_alfredo,jpg,sfvrsn=2
https://www.redlobster.com/images/default-source/images/menu-items/lighter-fare/lighter_fare_peppercorn_sirloin_and_shrimp_us.jpg?sfvrsn=2,https:,,www.redlobster.com,images,default-source,images,menu-items,lighter-fare,lighter_fare_peppercorn_sirloin_and_shrimp_us,jpg,sfvrsn=2
https://www.redlobster.com/images/default-source/images/special-menu/half-lobster-and-langostino-pizzab6709fc52fd36f18be94ff4100d9e22d.jpg?sfvrsn=0,https:,,www.redlobster.com,images,default-source,images,special-menu,half-lobster-and-langostino-pizzab6709fc52fd36f18be94ff4100d9e22d.jpg?sfvrsn=0,half-lobster-and-langostino-pizzab6709fc52fd36f18be94ff4100d9e22d,jpg,sfvrsn=0
https://www.redlobster.com/images/default-source/images/special-menu/especial-del-almuerzo-media-pizza-de-langosta-y-langostino.jpg?sfvrsn=0,https:,,www.redlobster.com,images,default-source,images,special-menu,especial-del-almuerzo-media-pizza-de-langosta-y-langostino.jpg?sfvrsn=0,especial-del-almuerzo-media-pizza-de-langosta-y-langostino,jpg,sfvrsn=0
https://www.redlobster.com/images/default-source/images/menu-items/lunch-dinner/lunch_tacos.jpg?sfvrsn=0,https:,,www.redlobster.com,images,default-source,images,menu-items,lunch-dinner,lunch_tacos,jpg,sfvrsn=0
https://www.redlobster.com/images/default-source/images/menu-items/lunch-dinner/mussels.jpg?sfvrsn=2,https:,,www.redlobster.com,images,default-source,images,menu-items,lunch-dinner,mussels,jpg,sfvrsn=2
https://www.redlobster.com/images/default-source/images/menu-items/lunch-dinner/parrot-isle-jumbo-coconut-shrimp.jpg?sfvrsn=2,https:,,www.redlobster.com,images,default-source,images,menu-items,lunch-dinner,parrot-isle-jumbo-coconut-shrimp,jpg,sfvrsn=2
https://www.redlobster.com/images/default-source/images/menu-items/lunch-dinner/lobster_bisque8b7999c52fd36f18be94ff0000d9e22d.jpg?sfvrsn=2,https:,,www.redlobster.com,images,default-source,images,menu-items,lunch-dinner,lobster_bisque8b7999c52fd36f18be94ff0000d9e22d,jpg,sfvrsn=2
https://www.redlobster.com/ResourcePackages/RedLobster/assets/dist/images/main-area-bg.jpg,https:,,www.redlobster.com,ResourcePackages,RedLobster,assets,dist,images,main-area-bg,jpg,
https://www.redlobster.com/images/default-source/images/menu-items/lunch-dinner/sweet-chili-shrimp.jpg?sfvrsn=2,https:,,www.redlobster.com,images,default-source,images,menu-items,lunch-dinner,sweet-chili-shrimp,jpg,sfvrsn=2
https://www.redlobster.com/images/default-source/images/menu-items/lunch-dinner/classic-caesar-salad.jpg?sfvrsn=2,https:,,www.redlobster.com,images,default-source,images,menu-items,lunch-dinner,classic-caesar-salad,jpg,sfvrsn=2
https://www.redlobster.com/images/default-source/images/menu-items/lunch-dinner/lobster-crab-and-seafood-stuffed-mushroom.jpg?sfvrsn=2,https:,,www.redlobster.com,images,default-source,images,menu-items,lunch-dinner,lobster-crab-and-seafood-stuffed-mushroom,jpg,sfvrsn=2
https://www.redlobster.com/images/default-source/images/special-menu/lobster-topped-caesar-salad.jpg?sfvrsn=0,https:,,www.redlobster.com,images,default-source,images,special-menu,lobster-topped-caesar-salad.jpg?sfvrsn=0,lobster-topped-caesar-salad,jpg,sfvrsn=0
https://www.redlobster.com/images/default-source/images/special-menu/especial-del-almuerzo-langosta-sobre-ensalada-c%E9sar.jpg?sfvrsn=0,https:,,www.redlobster.com,images,default-source,images,special-menu,especial-del-almuerzo-langosta-sobre-ensalada-c%E9sar.jpg?sfvrsn=0,especial-del-almuerzo-langosta-sobre-ensalada-c%E9sar,jpg,sfvrsn=0
https://www.redlobster.com/images/default-source/images/menu-items/lunch-dinner/chicken_wings.jpg?sfvrsn=2,https:,,www.redlobster.com,images,default-source,images,menu-items,lunch-dinner,chicken_wings,jpg,sfvrsn=2
https://www.redlobster.com/images/default-source/images/special-menu/lunch-special-lobster-roll-with-fries.jpg?sfvrsn=0,https:,,www.redlobster.com,images,default-source,images,special-menu,lunch-special-lobster-roll-with-fries.jpg?sfvrsn=0,lunch-special-lobster-roll-with-fries,jpg,sfvrsn=0
https://www.redlobster.com/images/default-source/images/special-menu/especial-del-almuerzo-s%E1ndwich-de-langosta-con-papas-fritas.jpg?sfvrsn=0,https:,,www.redlobster.com,images,default-source,images,special-menu,especial-del-almuerzo-s%E1ndwich-de-langosta-con-papas-fritas.jpg?sfvrsn=0,especial-del-almuerzo-s%E1ndwich-de-langosta-con-papas-fritas,jpg,sfvrsn=0
https://www.redlobster.com/images/default-source/images/menu-items/lunch-dinner/lobster-artichoke-dip.jpg?sfvrsn=2,https:,,www.redlobster.com,images,default-source,images,menu-items,lunch-dinner,lobster-artichoke-dip,jpg,sfvrsn=2
https://www.redlobster.com/images/default-source/images/menu-items/lunch-dinner/cajun_chicken_linguine_alfredo.jpg?sfvrsn=2,https:,,www.redlobster.com,images,default-source,images,menu-items,lunch-dinner,cajun_chicken_linguine_alfredo,jpg,sfvrsn=2
https://www.redlobster.com/images/default-source/images/events/militarymonday/militarymonday_plate.png?sfvrsn=4,https:,,www.redlobster.com,images,default-source,images,events,militarymonday,militarymonday_plate,png,sfvrsn=4
https://www.redlobster.com/images/default-source/images/menu-items/lunch-dinner/crunch-fried_fish_sandwich.jpg?sfvrsn=2,https:,,www.redlobster.com,images,default-source,images,menu-items,lunch-dinner,crunch-fried_fish_sandwich,jpg,sfvrsn=2
https://www.redlobster.com/images/default-source/images/menu-items/lunch-dinner/live_maine_lobster.jpg?sfvrsn=2,https:,,www.redlobster.com,images,default-source,images,menu-items,lunch-dinner,live_maine_lobster,jpg,sfvrsn=2
https://www.redlobster.com/ResourcePackages/RedLobster/assets/dist/images/HowItsCaught.jpg,https:,,www.redlobster.com,ResourcePackages,RedLobster,assets,dist,images,HowItsCaught,jpg,
https://www.redlobster.com/images/default-source/images/headers/rl_desktop_cares-1.jpg?sfvrsn=0,https:,,www.redlobster.com,images,default-source,images,headers,rl_desktop_cares-1.jpg?sfvrsn=0,rl_desktop_cares-1,jpg,sfvrsn=0
https://www.redlobster.com/ResourcePackages/RedLobster/assets/dist/images/rl_desktop_our_story.jpg,https:,,www.redlobster.com,ResourcePackages,RedLobster,assets,dist,images,rl_desktop_our_story,jpg,
https://www.redlobster.com/images/default-source/images/menu-items/lunch-dinner/cup-of-soup-and-salad.jpg?sfvrsn=2,https:,,www.redlobster.com,images,default-source,images,menu-items,lunch-dinner,cup-of-soup-and-salad,jpg,sfvrsn=2
https://www.redlobster.com/images/default-source/images/headers/rl_desktop_sws_seafoodwstandards-modefd79ec52fd36f18be94ff4100d9e22d.jpg?sfvrsn=2,https:,,www.redlobster.com,images,default-source,images,headers,rl_desktop_sws_seafoodwstandards-modefd79ec52fd36f18be94ff4100d9e22d.jpg?sfvrsn=2,rl_desktop_sws_seafoodwstandards-modefd79ec52fd36f18be94ff4100d9e22d,jpg,sfvrsn=2
https://www.redlobster.com/images/default-source/images/menu-items/lunch-dinner/mozzarella_sticks_crave.jpg?sfvrsn=2,https:,,www.redlobster.com,images,default-source,images,menu-items,lunch-dinner,mozzarella_sticks_crave,jpg,sfvrsn=2
https://www.redlobster.com/images/default-source/Headers/lobsterroll_fries-amp-potatosoup_press.jpg?sfvrsn=0,https:,,www.redlobster.com,images,default-source,Headers,lobsterroll_fries-amp-potatosoup_press.jpg?sfvrsn=0,,lobsterroll_fries-amp-potatosoup_press,jpg,sfvrsn=0
https://www.redlobster.com/images/default-source/images/menu-items/pairings/lobster_artichoke_dip.jpg?sfvrsn=2,https:,,www.redlobster.com,images,default-source,images,menu-items,pairings,lobster_artichoke_dip,jpg,sfvrsn=2
https://www.redlobster.com/images/default-source/images/headers/rl_desktop_logo_evolution.jpg?sfvrsn=2,https:,,www.redlobster.com,images,default-source,images,headers,rl_desktop_logo_evolution.jpg?sfvrsn=2,rl_desktop_logo_evolution,jpg,sfvrsn=2
https://www.redlobster.com/ResourcePackages/RedLobster/assets/dist/images/gc-desktop-left.png,https:,,www.redlobster.com,ResourcePackages,RedLobster,assets,dist,images,gc-desktop-left,png,
https://www.redlobster.com/images/default-source/images/menu-items/lighter-fare/m_mapleglazedchicken_1625.jpg?sfvrsn=0&size=1125,https:,,www.redlobster.com,images,default-source,images,menu-items,lighter-fare,m_mapleglazedchicken_1625,jpg,sfvrsn=0&size=1125
https://www.redlobster.com/images/default-source/images/menu-items/lunch-dinner/m_mapleglazedchicken_1625.jpg?sfvrsn=0&size=1125,https:,,www.redlobster.com,images,default-source,images,menu-items,lunch-dinner,m_mapleglazedchicken_1625,jpg,sfvrsn=0&size=1125
https://www.redlobster.com/ResourcePackages/RedLobster/assets/dist/images/rl_desktop_seafood_standards-bg.jpg,https:,,www.redlobster.com,ResourcePackages,RedLobster,assets,dist,images,rl_desktop_seafood_standards-bg,jpg,
https://www.redlobster.com/images/default-source/images/special-menu/crab-fest/eventmenu_dishes_ultimatefeast_us.jpg?sfvrsn=0,https:,,www.redlobster.com,images,default-source,images,special-menu,crab-fest,eventmenu_dishes_ultimatefeast_us,jpg,sfvrsn=0
https://www.redlobster.com/images/default-source/images/menu-items/pairings/lobster_artichoke_dip.jpg?sfvrsn=2&size=1125,https:,,www.redlobster.com,images,default-source,images,menu-items,pairings,lobster_artichoke_dip,jpg,sfvrsn=2&size=1125
https://www.redlobster.com/images/default-source/images/news-press/media-downloads/Teasers/d_menus_deatil_dish_image_0013_lobster-crab-and-seafood-stuffed_mushroom.jpg?sfvrsn=0,https:,,www.redlobster.com,images,default-source,images,news-press,media-downloads,d_menus_deatil_dish_image_0013_lobster-crab-and-seafood-stuffed_mushroom,jpg,sfvrsn=0
https://www.redlobster.com/images/default-source/images/social-photos/image-1.jpg?sfvrsn=2,https:,,www.redlobster.com,images,default-source,images,social-photos,image-1.jpg?sfvrsn=2,image-1,jpg,sfvrsn=2
https://www.redlobster.com/ResourcePackages/RedLobster/assets/dist/images/Crabfest_hero.jpg,https:,,www.redlobster.com,ResourcePackages,RedLobster,assets,dist,images,Crabfest_hero,jpg,
https://www.redlobster.com/images/default-source/images/menu-items/lunch-dinner/lobster_pizza_usa.jpg?sfvrsn=2&size=1125,https:,,www.redlobster.com,images,default-source,images,menu-items,lunch-dinner,lobster_pizza_usa,jpg,sfvrsn=2&size=1125
https://www.redlobster.com/images/default-source/images/menu-items/lunch-dinner/shrimp_cocktail.jpg?sfvrsn=2,https:,,www.redlobster.com,images,default-source,images,menu-items,lunch-dinner,shrimp_cocktail,jpg,sfvrsn=2
https://www.redlobster.com/images/default-source/images/news-press/rl_hsc_news_teaer.jpg?sfvrsn=0,https:,,www.redlobster.com,images,default-source,images,news-press,rl_hsc_news_teaer.jpg?sfvrsn=0,rl_hsc_news_teaer,jpg,sfvrsn=0
https://www.redlobster.com/images/default-source/images/special-menu/lobsterfest/seafood-stuffed-mushrooms66219fc52fd36f18be94ff4100d9e22d.jpg?sfvrsn=0,https:,,www.redlobster.com,images,default-source,images,special-menu,lobsterfest,seafood-stuffed-mushrooms66219fc52fd36f18be94ff4100d9e22d,jpg,sfvrsn=0
https://www.redlobster.com/images/default-source/images/menu-items/seafood-stuffed-mushrooms.jpg?sfvrsn=0,https:,,www.redlobster.com,images,default-source,images,menu-items,seafood-stuffed-mushrooms.jpg?sfvrsn=0,seafood-stuffed-mushrooms,jpg,sfvrsn=0
https://www.redlobster.com/images/default-source/images/menu-items/imagecomingsoon.jpg?Status=Master&sfvrsn=4&size=1125,https:,,www.redlobster.com,images,default-source,images,menu-items,imagecomingsoon.jpg?Status=Master&sfvrsn=4&size=1125,imagecomingsoon,jpg,Status=Master&sfvrsn=4&size=1125
https://www.redlobster.com/images/default-source/images/menu-items/imagecomingsoon.jpg?sfvrsn=4&size=1125,https:,,www.redlobster.com,images,default-source,images,menu-items,imagecomingsoon.jpg?sfvrsn=4&size=1125,imagecomingsoon,jpg,sfvrsn=4&size=1125
https://www.redlobster.com/images/default-source/images/menu-items/lunch-dinner/ultimate_feast.jpg?sfvrsn=2&size=1125,https:,,www.redlobster.com,images,default-source,images,menu-items,lunch-dinner,ultimate_feast,jpg,sfvrsn=2&size=1125
https://www.redlobster.com/images/default-source/images/menu-items/lunch-dinner/walleye_dinner.jpg?sfvrsn=2&size=1125,https:,,www.redlobster.com,images,default-source,images,menu-items,lunch-dinner,walleye_dinner,jpg,sfvrsn=2&size=1125
https://www.redlobster.com/ResourcePackages/RedLobster/assets/dist/images/deadliest-catch-video-poster.jpg,https:,,www.redlobster.com,ResourcePackages,RedLobster,assets,dist,images,deadliest-catch-video-poster,jpg,
https://www.redlobster.com/images/default-source/images/menu-items/lunch-dinner/salmon_new_orleans.jpg?sfvrsn=2&size=1125,https:,,www.redlobster.com,images,default-source,images,menu-items,lunch-dinner,salmon_new_orleans,jpg,sfvrsn=2&size=1125
https://www.redlobster.com/images/default-source/images/gift-cards/rl_mobile_giftcard02.png?sfvrsn=4,https:,,www.redlobster.com,images,default-source,images,gift-cards,rl_mobile_giftcard02.png?sfvrsn=4,rl_mobile_giftcard02,png,sfvrsn=4
https://www.redlobster.com/images/default-source/images/menu-items/lunch-dinner/wild-flounder--dinner.jpg?sfvrsn=2&size=1125,https:,,www.redlobster.com,images,default-source,images,menu-items,lunch-dinner,wild-flounder--dinner,jpg,sfvrsn=2&size=1125
https://www.redlobster.com/images/default-source/images/menu-items/lunch-dinner/syw_popcornshrimp_friedshrimp_conconutshrimpbitese7a19ac52fd36f18be94ff0000d9e22d.jpg?sfvrsn=2&size=1125,https:,,www.redlobster.com,images,default-source,images,menu-items,lunch-dinner,syw_popcornshrimp_friedshrimp_conconutshrimpbitese7a19ac52fd36f18be94ff0000d9e22d,jpg,sfvrsn=2&size=1125
https://www.redlobster.com/images/default-source/images/menu-items/lunch-dinner/admirals_feast.jpg?sfvrsn=2&size=1125,https:,,www.redlobster.com,images,default-source,images,menu-items,lunch-dinner,admirals_feast,jpg,sfvrsn=2&size=1125
https://www.redlobster.com/images/default-source/images/menu-items/lunch-dinner/catfish.jpg?sfvrsn=2&size=1125,https:,,www.redlobster.com,images,default-source,images,menu-items,lunch-dinner,catfish,jpg,sfvrsn=2&size=1125
https://www.redlobster.com/images/default-source/images/menu-items/lunch-dinner/wild-flounder-lunch.jpg?sfvrsn=2&size=1125,https:,,www.redlobster.com,images,default-source,images,menu-items,lunch-dinner,wild-flounder-lunch,jpg,sfvrsn=2&size=1125
https://www.redlobster.com/images/default-source/images/menu-items/lunch-dinner/crispy-shrimp-lettuce-wrap.jpg?sfvrsn=2&size=1125,https:,,www.redlobster.com,images,default-source,images,menu-items,lunch-dinner,crispy-shrimp-lettuce-wrap,jpg,sfvrsn=2&size=1125
https://www.redlobster.com/images/default-source/images/menu-items/lunch-dinner/wood_grilled_salmon_shrimp_linguini_alfredo.jpg?sfvrsn=2&size=1125,https:,,www.redlobster.com,images,default-source,images,menu-items,lunch-dinner,wood_grilled_salmon_shrimp_linguini_alfredo,jpg,sfvrsn=2&size=1125
https://www.redlobster.com/images/default-source/images/menu-items/lunch-dinner/wood_grilled_shrimp_skewers_can.jpg?sfvrsn=2&size=1125,https:,,www.redlobster.com,images,default-source,images,menu-items,lunch-dinner,wood_grilled_shrimp_skewers_can,jpg,sfvrsn=2&size=1125
https://www.redlobster.com/images/default-source/images/menu-items/lunch-dinner/maple-glazed-chicken-lunch-us.jpg?sfvrsn=2&size=1125,https:,,www.redlobster.com,images,default-source,images,menu-items,lunch-dinner,maple-glazed-chicken-lunch-us,jpg,sfvrsn=2&size=1125
https://www.redlobster.com/ResourcePackages/RedLobster/assets/dist/images/MilitaryMonday_bg.jpg,https:,,www.redlobster.com,ResourcePackages,RedLobster,assets,dist,images,MilitaryMonday_bg,jpg,
https://www.redlobster.com/images/default-source/images/news-press/wild-caught-lobster-shrimp-trio.png?sfvrsn=0,https:,,www.redlobster.com,images,default-source,images,news-press,wild-caught-lobster-shrimp-trio.png?sfvrsn=0,wild-caught-lobster-shrimp-trio,png,sfvrsn=0
https://www.redlobster.com/images/default-source/images/menu-items/lunch-dinner/sailors-platter.jpg?sfvrsn=2&size=1125,https:,,www.redlobster.com,images,default-source,images,menu-items,lunch-dinner,sailors-platter,jpg,sfvrsn=2&size=1125
https://www.redlobster.com/images/default-source/images/menu-items/lunch-dinner/crunch_fried_fish_scampi.jpg?sfvrsn=2&size=1125,https:,,www.redlobster.com,images,default-source,images,menu-items,lunch-dinner,crunch_fried_fish_scampi,jpg,sfvrsn=2&size=1125
https://www.redlobster.com/images/default-source/images/menu-items/lunch-dinner/crispy-calamari-and-vegetables-us.jpg?sfvrsn=2&size=1125,https:,,www.redlobster.com,images,default-source,images,menu-items,lunch-dinner,crispy-calamari-and-vegetables-us,jpg,sfvrsn=2&size=1125
https://www.redlobster.com/images/default-source/images/menu-items/kids/kids_snow_crab.jpg?sfvrsn=2&size=1125,https:,,www.redlobster.com,images,default-source,images,menu-items,kids,kids_snow_crab,jpg,sfvrsn=2&size=1125
https://www.redlobster.com/images/default-source/images/menu-items/lunch-dinner/garlic_shrimp_scampi.jpg?sfvrsn=2&size=1125,https:,,www.redlobster.com,images,default-source,images,menu-items,lunch-dinner,garlic_shrimp_scampi,jpg,sfvrsn=2&size=1125
https://www.redlobster.com/images/default-source/images/menu-items/lunch-dinner/m_lh_garlicgrilledshrimp.jpg?sfvrsn=2&size=1125,https:,,www.redlobster.com,images,default-source,images,menu-items,lunch-dinner,m_lh_garlicgrilledshrimp,jpg,sfvrsn=2&size=1125
https://www.redlobster.com/images/default-source/images/menu-items/lunch-dinner/seaside_shrimp_trio.jpg?sfvrsn=2&size=1125,https:,,www.redlobster.com,images,default-source,images,menu-items,lunch-dinner,seaside_shrimp_trio,jpg,sfvrsn=2&size=1125
https://www.redlobster.com/images/default-source/images/menu-items/lunch-dinner/parmesan_crusted_tilapia.jpg?sfvrsn=2&size=1125,https:,,www.redlobster.com,images,default-source,images,menu-items,lunch-dinner,parmesan_crusted_tilapia,jpg,sfvrsn=2&size=1125
https://www.redlobster.com/images/default-source/Headers/lobster-lovers-dream.jpeg?sfvrsn=0,https:,,www.redlobster.com,images,default-source,Headers,lobster-lovers-dream.jpeg?sfvrsn=0,,lobster-lovers-dream,jpeg,sfvrsn=0
https://www.redlobster.com/images/default-source/images/navigation/store-locator-bg.jpg,https:,,www.redlobster.com,images,default-source,images,navigation,store-locator-bg.jpg,store-locator-bg,jpg,
https://www.redlobster.com/images/default-source/images/menu-items/lunch-dinner/4coursefeast.jpg?sfvrsn=2&size=1125,https:,,www.redlobster.com,images,default-source,images,menu-items,lunch-dinner,4coursefeast,jpg,sfvrsn=2&size=1125
https://www.redlobster.com/images/default-source/images/news-press/grand-seafood-feast.png?sfvrsn=0,https:,,www.redlobster.com,images,default-source,images,news-press,,grand-seafood-feast,png,sfvrsn=0
https://www.redlobster.com/images/default-source/images/menu-items/kids/kids_garlic_grilled_shrimp.jpg?sfvrsn=2&size=1125,https:,,www.redlobster.com,images,default-source,images,menu-items,kids,kids_garlic_grilled_shrimp,jpg,sfvrsn=2&size=1125
https://www.redlobster.com/images/default-source/images/menu-items/lunch-dinner/center_cut_ny_strip_steak.jpg?sfvrsn=2&size=1125,https:,,www.redlobster.com,images,default-source,images,menu-items,lunch-dinner,center_cut_ny_strip_steak,jpg,sfvrsn=2&size=1125
https://www.redlobster.com/images/default-source/images/menu-items/lunch-dinner/wild_flounder_lunch.jpg?sfvrsn=2&size=1125,https:,,www.redlobster.com,images,default-source,images,menu-items,lunch-dinner,wild_flounder_lunch,jpg,sfvrsn=2&size=1125
https://www.redlobster.com/images/default-source/images/menu-items/lunch-dinner/maple_glazed_chicken.jpg?sfvrsn=2&size=1125,https:,,www.redlobster.com,images,default-source,images,menu-items,lunch-dinner,maple_glazed_chicken,jpg,sfvrsn=2&size=1125
https://www.redlobster.com/images/default-source/images/menu-items/lunch-dinner/lunch_classic_caesar_salad.jpg?sfvrsn=2&size=1125,https:,,www.redlobster.com,images,default-source,images,menu-items,lunch-dinner,lunch_classic_caesar_salad,jpg,sfvrsn=2&size=1125
https://www.redlobster.com/images/default-source/images/menu-items/lunch-dinner/hand_breaded_shrimp.jpg?sfvrsn=2&size=1125,https:,,www.redlobster.com,images,default-source,images,menu-items,lunch-dinner,hand_breaded_shrimp,jpg,sfvrsn=2&size=1125
https://www.redlobster.com/images/default-source/images/news-press/lobster-mix-match.jpeg?sfvrsn=0,https:,,www.redlobster.com,images,default-source,images,news-press,lobster-mix-match.jpeg?sfvrsn=0,lobster-mix-match,jpeg,sfvrsn=0
https://www.redlobster.com/images/default-source/images/menu-items/kids/kids_chicken_fingers_ketchup.jpg?sfvrsn=2&size=1125,https:,,www.redlobster.com,images,default-source,images,menu-items,kids,kids_chicken_fingers_ketchup,jpg,sfvrsn=2&size=1125
https://www.redlobster.com/images/default-source/images/menu-items/lunch-dinner/wood_grilled_peppercorn_sirloin_and_shrimp.jpg?sfvrsn=2&size=1125,https:,,www.redlobster.com,images,default-source,images,menu-items,lunch-dinner,wood_grilled_peppercorn_sirloin_and_shrimp,jpg,sfvrsn=2&size=1125
https://www.redlobster.com/images/default-source/images/menu-items/lunch-dinner/wood_grilled_skewers_shrimp.jpg?sfvrsn=2&size=1125,https:,,www.redlobster.com,images,default-source,images,menu-items,lunch-dinner,wood_grilled_skewers_shrimp,jpg,sfvrsn=2&size=1125
https://www.redlobster.com/images/default-source/images/menu-items/lighter-fare/lighter_fare_peppercorn_sirloin_and_shrimp_us.jpg?sfvrsn=2&size=1125,https:,,www.redlobster.com,images,default-source,images,menu-items,lighter-fare,lighter_fare_peppercorn_sirloin_and_shrimp_us,jpg,sfvrsn=2&size=1125
https://www.redlobster.com/images/default-source/images/menu-items/lunch-dinner/sweet_chili_shrimp.jpg?sfvrsn=2&size=1125,https:,,www.redlobster.com,images,default-source,images,menu-items,lunch-dinner,sweet_chili_shrimp,jpg,sfvrsn=2&size=1125
https://www.redlobster.com/images/default-source/images/menu-items/lunch-dinner/ny_strip_and_lobster_tail.jpg?sfvrsn=2&size=1125,https:,,www.redlobster.com,images,default-source,images,menu-items,lunch-dinner,ny_strip_and_lobster_tail,jpg,sfvrsn=2&size=1125
https://www.redlobster.com/images/default-source/images/menu-items/lunch-dinner/walts_favorite_shrimp.jpg?sfvrsn=2&size=1125,https:,,www.redlobster.com,images,default-source,images,menu-items,lunch-dinner,walts_favorite_shrimp,jpg,sfvrsn=2&size=1125
https://www.redlobster.com/ResourcePackages/RedLobster/assets/dist/images/what-you-could-win.jpg,https:,,www.redlobster.com,ResourcePackages,RedLobster,assets,dist,images,what-you-could-win,jpg,
https://www.redlobster.com/images/default-source/images/menu-items/lunch-dinner/fried_oyster.jpg?sfvrsn=2&size=1125,https:,,www.redlobster.com,images,default-source,images,menu-items,lunch-dinner,fried_oyster,jpg,sfvrsn=2&size=1125
https://www.redlobster.com/images/default-source/images/menu-items/lunch-dinner/jumbo_coconut_shrimp.jpg?sfvrsn=2&size=1125,https:,,www.redlobster.com,images,default-source,images,menu-items,lunch-dinner,jumbo_coconut_shrimp,jpg,sfvrsn=2&size=1125
https://www.redlobster.com/images/default-source/images/menu-items/lunch-dinner/lobster_tacos.jpg?sfvrsn=2&size=1125,https:,,www.redlobster.com,images,default-source,images,menu-items,lunch-dinner,lobster_tacos,jpg,sfvrsn=2&size=1125
https://www.redlobster.com/images/default-source/images/menu-items/kids/kids_broiled_fish.jpg?sfvrsn=2&size=1125,https:,,www.redlobster.com,images,default-source,images,menu-items,kids,kids_broiled_fish,jpg,sfvrsn=2&size=1125
https://www.redlobster.com/images/default-source/images/menu-items/lunch-dinner/lobster-crab-and-seafood-stuffed-mushroom.jpg?sfvrsn=2&size=1125,https:,,www.redlobster.com,images,default-source,images,menu-items,lunch-dinner,lobster-crab-and-seafood-stuffed-mushroom,jpg,sfvrsn=2&size=1125
https://www.redlobster.com/images/default-source/images/menu-items/lunch-dinner/parrot-isle-jumbo-coconut-shrimp.jpg?sfvrsn=2&size=1125,https:,,www.redlobster.com,images,default-source,images,menu-items,lunch-dinner,parrot-isle-jumbo-coconut-shrimp,jpg,sfvrsn=2&size=1125
https://www.redlobster.com/images/default-source/images/menu-items/lunch-dinner/lunch_tacos.jpg?sfvrsn=0&size=1125,https:,,www.redlobster.com,images,default-source,images,menu-items,lunch-dinner,lunch_tacos,jpg,sfvrsn=0&size=1125
https://www.redlobster.com/images/default-source/images/menu-items/lunch-dinner/lobster-artichoke-dip.jpg?sfvrsn=2&size=1125,https:,,www.redlobster.com,images,default-source,images,menu-items,lunch-dinner,lobster-artichoke-dip,jpg,sfvrsn=2&size=1125
https://www.redlobster.com/images/default-source/images/menu-items/lunch-dinner/shrimp_wood_grilled_chicken_usa.jpg?sfvrsn=2&size=1125,https:,,www.redlobster.com,images,default-source,images,menu-items,lunch-dinner,shrimp_wood_grilled_chicken_usa,jpg,sfvrsn=2&size=1125
https://www.redlobster.com/images/default-source/images/menu-items/kids/kids_macaroni_and_cheese.jpg?sfvrsn=2&size=1125,https:,,www.redlobster.com,images,default-source,images,menu-items,kids,kids_macaroni_and_cheese,jpg,sfvrsn=2&size=1125
https://www.redlobster.com/images/default-source/images/menu-items/lunch-dinner/crunchy_popcorn_shrimp.jpg?sfvrsn=2&size=1125,https:,,www.redlobster.com,images,default-source,images,menu-items,lunch-dinner,crunchy_popcorn_shrimp,jpg,sfvrsn=2&size=1125
https://www.redlobster.com/images/default-source/images/menu-items/lunch-dinner/classic-caesar-salad.jpg?sfvrsn=2&size=1125,https:,,www.redlobster.com,images,default-source,images,menu-items,lunch-dinner,classic-caesar-salad,jpg,sfvrsn=2&size=1125
https://www.redlobster.com/images/default-source/images/menu-items/lunch-dinner/coastal_soup_and_salad.jpg?sfvrsn=2&size=1125,https:,,www.redlobster.com,images,default-source,images,menu-items,lunch-dinner,coastal_soup_and_salad,jpg,sfvrsn=2&size=1125
https://www.redlobster.com/images/default-source/Headers/lunch-item-detail-page-header_1800x614.jpg?sfvrsn=0&size=1125,https:,,www.redlobster.com,images,default-source,Headers,lunch-item-detail-page-header_1800x614.jpg?sfvrsn=0&size=1125,,lunch-item-detail-page-header_1800x614,jpg,sfvrsn=0&size=1125
https://www.redlobster.com/ResourcePackages/RedLobster/assets/dist/images/rl_desktop_menu_detail-addside.jpg,https:,,www.redlobster.com,ResourcePackages,RedLobster,assets,dist,images,rl_desktop_menu_detail-addside,jpg,
https://www.redlobster.com/images/default-source/images/menu-items/lunch-dinner/wood_grilled_peppercorn_sirloin.jpg?sfvrsn=2&size=1125,https:,,www.redlobster.com,images,default-source,images,menu-items,lunch-dinner,wood_grilled_peppercorn_sirloin,jpg,sfvrsn=2&size=1125
https://www.redlobster.com/images/default-source/images/menu-items/lunch-dinner/m_woodgrilled_lobsteshrimpsalmon_us.jpg?sfvrsn=2&size=1125,https:,,www.redlobster.com,images,default-source,images,menu-items,lunch-dinner,m_woodgrilled_lobsteshrimpsalmon_us,jpg,sfvrsn=2&size=1125
https://www.redlobster.com/images/default-source/images/menu-items/kids/kids_popcorn_shrimp.jpg?sfvrsn=2&size=1125,https:,,www.redlobster.com,images,default-source,images,menu-items,kids,kids_popcorn_shrimp,jpg,sfvrsn=2&size=1125
https://www.redlobster.com/images/default-source/images/news-press/hero_lobsterloversdream_440.jpeg?sfvrsn=0,https:,,www.redlobster.com,images,default-source,images,news-press,hero_lobsterloversdream_440.jpeg?sfvrsn=0,hero_lobsterloversdream_440,jpeg,sfvrsn=0
https://www.redlobster.com/images/default-source/Headers/detailpageimage_lobsterroll_333x227.jpg?sfvrsn=0,https:,,www.redlobster.com,images,default-source,Headers,detailpageimage_lobsterroll_333x227.jpg?sfvrsn=0,,detailpageimage_lobsterroll_333x227,jpg,sfvrsn=0
https://www.redlobster.com/images/default-source/images/menu-items/lunch-dinner/crablegs_1800x614_core.jpg?sfvrsn=0&size=1125,https:,,www.redlobster.com,images,default-source,images,menu-items,lunch-dinner,crablegs_1800x614_core,jpg,sfvrsn=0&size=1125
https://www.redlobster.com/images/default-source/images/news-press/media-downloads/Teasers/d_menus_deatil_dish_image_0024_sweet_chili_shrimp.jpg?sfvrsn=0,https:,,www.redlobster.com,images,default-source,images,news-press,media-downloads,d_menus_deatil_dish_image_0024_sweet_chili_shrimp,jpg,sfvrsn=0
https://www.redlobster.com/images/default-source/images/menu-items/lunch-dinner/sweet-chili-shrimp.jpg?sfvrsn=2&size=1125,https:,,www.redlobster.com,images,default-source,images,menu-items,lunch-dinner,sweet-chili-shrimp,jpg,sfvrsn=2&size=1125
https://www.redlobster.com/ResourcePackages/RedLobster/assets/dist/images/rl_desktop_menu_detail-addmeal.jpg,https:,,www.redlobster.com,ResourcePackages,RedLobster,assets,dist,images,rl_desktop_menu_detail-addmeal,jpg,
https://www.redlobster.com/images/default-source/images/menu-items/lunch-dinner/m_woodgrilledcheeseburger_cheese_073.jpg?sfvrsn=2&size=1125,https:,,www.redlobster.com,images,default-source,images,menu-items,lunch-dinner,m_woodgrilledcheeseburger_cheese_073,jpg,sfvrsn=2&size=1125
https://www.redlobster.com/images/default-source/images/menu-items/lunch-dinner/rock_lobster_tail_us.jpg?sfvrsn=2&size=1125,https:,,www.redlobster.com,images,default-source,images,menu-items,lunch-dinner,rock_lobster_tail_us,jpg,sfvrsn=2&size=1125
https://www.redlobster.com/images/default-source/images/social-photos/341x341_sillydad.jpg?sfvrsn=0,https:,,www.redlobster.com,images,default-source,images,social-photos,341x341_sillydad.jpg?sfvrsn=0,341x341_sillydad,jpg,sfvrsn=0
https://www.redlobster.com/images/default-source/images/menu-items/lunch-dinner/crunch-fried_fish_sandwich.jpg?sfvrsn=2&size=1125,https:,,www.redlobster.com,images,default-source,images,menu-items,lunch-dinner,crunch-fried_fish_sandwich,jpg,sfvrsn=2&size=1125
https://www.redlobster.com/images/default-source/images/news-press/bigger_better_shrimpb2929bc52fd36f18be94ff4100d9e22d.jpg?sfvrsn=2,https:,,www.redlobster.com,images,default-source,images,news-press,bigger_better_shrimpb2929bc52fd36f18be94ff4100d9e22d.jpg?sfvrsn=2,bigger_better_shrimpb2929bc52fd36f18be94ff4100d9e22d,jpg,sfvrsn=2
https://www.redlobster.com/images/default-source/images/news-press/crab_lovers_dream_promo.jpg?sfvrsn=0,https:,,www.redlobster.com,images,default-source,images,news-press,crab_lovers_dream_promo.jpg?sfvrsn=0,crab_lovers_dream_promo,jpg,sfvrsn=0
https://www.redlobster.com/ResourcePackages/RedLobster/assets/dist/images/gc-desktop-right.png,https:,,www.redlobster.com,ResourcePackages,RedLobster,assets,dist,images,gc-desktop-right,png,
https://www.redlobster.com/images/default-source/images/menu-items/lunch-dinner/bar_harbor_lobster_bake.jpg?sfvrsn=2&size=1125,https:,,www.redlobster.com,images,default-source,images,menu-items,lunch-dinner,bar_harbor_lobster_bake,jpg,sfvrsn=2&size=1125
https://www.redlobster.com/images/default-source/images/menu-items/lunch-dinner/crab_linguini_alfredo.jpg?sfvrsn=2&size=1125,https:,,www.redlobster.com,images,default-source,images,menu-items,lunch-dinner,crab_linguini_alfredo,jpg,sfvrsn=2&size=1125
https://www.redlobster.com/images/default-source/images/menu-items/lunch-dinner/grilledchicken_kidsentree_must_265_r2.jpg?sfvrsn=2&size=1125,https:,,www.redlobster.com,images,default-source,images,menu-items,lunch-dinner,grilledchicken_kidsentree_must_265_r2,jpg,sfvrsn=2&size=1125
https://www.redlobster.com/images/default-source/images/menu-items/lunch-dinner/hand-battered-fish-and-chips.jpg?sfvrsn=2&size=1125,https:,,www.redlobster.com,images,default-source,images,menu-items,lunch-dinner,hand-battered-fish-and-chips,jpg,sfvrsn=2&size=1125
https://www.redlobster.com/images/default-source/images/menu-items/lunch-dinner/manhattan-chowder.jpg?sfvrsn=2&size=1125,https:,,www.redlobster.com,images,default-source,images,menu-items,lunch-dinner,manhattan-chowder,jpg,sfvrsn=2&size=1125
https://www.redlobster.com/images/default-source/images/menu-items/lunch-dinner/1800x614_snowcrablegs.jpg?sfvrsn=2&size=1125,https:,,www.redlobster.com,images,default-source,images,menu-items,lunch-dinner,1800x614_snowcrablegs,jpg,sfvrsn=2&size=1125
https://www.redlobster.com/images/default-source/Headers/image-3-(1).jpg?sfvrsn=0&size=1125,https:,,www.redlobster.com,images,default-source,Headers,image-3-(1).jpg?sfvrsn=0&size=1125,,image-3-(1),jpg,sfvrsn=0&size=1125
https://www.redlobster.com/images/default-source/Headers/image-3.jpg?sfvrsn=0&size=1125,https:,,www.redlobster.com,images,default-source,Headers,image-3.jpg?sfvrsn=0&size=1125,,image-3,jpg,sfvrsn=0&size=1125
https://www.redlobster.com/images/default-source/images/menu-items/lunch-dinner/seaside_sampler.jpg?sfvrsn=2&size=1125,https:,,www.redlobster.com,images,default-source,images,menu-items,lunch-dinner,seaside_sampler,jpg,sfvrsn=2&size=1125
https://www.redlobster.com/images/default-source/images/menu-items/lunch-dinner/roastedmainelobsterbake_grabs_088_r2.jpg?sfvrsn=2&size=1125,https:,,www.redlobster.com,images,default-source,images,menu-items,lunch-dinner,roastedmainelobsterbake_grabs_088_r2,jpg,sfvrsn=2&size=1125
https://www.redlobster.com/images/default-source/images/menu-items/lunch-dinner/woodgrilledchickensandwich_121_r2.jpg?sfvrsn=2&size=1125,https:,,www.redlobster.com,images,default-source,images,menu-items,lunch-dinner,woodgrilledchickensandwich_121_r2,jpg,sfvrsn=2&size=1125
https://www.redlobster.com/images/default-source/images/menu-items/lunch-dinner/shrimp_liguini_alfredo.jpg?sfvrsn=2&size=1125,https:,,www.redlobster.com,images,default-source,images,menu-items,lunch-dinner,shrimp_liguini_alfredo,jpg,sfvrsn=2&size=1125
https://www.redlobster.com/images/default-source/images/menu-items/lunch-dinner/cup-of-soup-and-salad.jpg?sfvrsn=2&size=1125,https:,,www.redlobster.com,images,default-source,images,menu-items,lunch-dinner,cup-of-soup-and-salad,jpg,sfvrsn=2&size=1125
https://www.redlobster.com/images/default-source/images/news-press/leadership/salli.png?sfvrsn=2,https:,,www.redlobster.com,images,default-source,images,news-press,leadership,salli,png,sfvrsn=2
https://www.redlobster.com/images/default-source/images/menu-items/lunch-dinner/mussels.jpg?sfvrsn=2&size=1125,https:,,www.redlobster.com,images,default-source,images,menu-items,lunch-dinner,mussels,jpg,sfvrsn=2&size=1125
https://www.redlobster.com/images/default-source/images/news-press/alaskan_bairdi_crab_legs.jpg?sfvrsn=0,https:,,www.redlobster.com,images,default-source,images,news-press,alaskan_bairdi_crab_legs.jpg?sfvrsn=0,alaskan_bairdi_crab_legs,jpg,sfvrsn=0
https://www.redlobster.com/images/default-source/images/menu-items/lunch-dinner/chicken_wings.jpg?sfvrsn=2&size=1125,https:,,www.redlobster.com,images,default-source,images,menu-items,lunch-dinner,chicken_wings,jpg,sfvrsn=2&size=1125
https://www.redlobster.com/images/default-source/images/menu-items/lunch-dinner/lobster_bisque8b7999c52fd36f18be94ff0000d9e22d.jpg?sfvrsn=2&size=1125,https:,,www.redlobster.com,images,default-source,images,menu-items,lunch-dinner,lobster_bisque8b7999c52fd36f18be94ff0000d9e22d,jpg,sfvrsn=2&size=1125
https://www.redlobster.com/images/default-source/images/menu-items/lunch-dinner/new-england-clam-chowder.jpg?sfvrsn=2&size=1125,https:,,www.redlobster.com,images,default-source,images,menu-items,lunch-dinner,new-england-clam-chowder,jpg,sfvrsn=2&size=1125
https://www.redlobster.com/images/default-source/images/menu-items/lunch-dinner/cajun_chicken_linguine_alfredo.jpg?sfvrsn=2&size=1125,https:,,www.redlobster.com,images,default-source,images,menu-items,lunch-dinner,cajun_chicken_linguine_alfredo,jpg,sfvrsn=2&size=1125
https://www.redlobster.com/images/default-source/images/news-press/media-downloads/image-1.jpg?sfvrsn=0&MaxWidth=750&MaxHeight=&ScaleUp=false&Quality=High&Method=ResizeFitToAreaArguments&Signature=92119E57C7AE9608B40BA9C74F12E7E1E4EED503,https:,,www.redlobster.com,images,default-source,images,news-press,media-downloads,image-1,jpg,sfvrsn=0&MaxWidth=750&MaxHeight=&ScaleUp=false&Quality=High&Method=ResizeFitToAreaArguments&Signature=92119E57C7AE9608B40BA9C74F12E7E1E4EED503
https://www.redlobster.com/images/default-source/images/social-photos/341x341_kid.jpg?sfvrsn=0,https:,,www.redlobster.com,images,default-source,images,social-photos,341x341_kid.jpg?sfvrsn=0,341x341_kid,jpg,sfvrsn=0
https://www.redlobster.com/images/default-source/images/menu-items/lunch-dinner/live_maine_lobster.jpg?sfvrsn=2&size=1125,https:,,www.redlobster.com,images,default-source,images,menu-items,lunch-dinner,live_maine_lobster,jpg,sfvrsn=2&size=1125
https://www.redlobster.com/images/default-source/images/menu-items/lunch-dinner/creamy-potato-bacon-soup.jpg?sfvrsn=2&size=1125,https:,,www.redlobster.com,images,default-source,images,menu-items,lunch-dinner,creamy-potato-bacon-soup,jpg,sfvrsn=2&size=1125
https://www.redlobster.com/images/default-source/images/social-photos/341x341_lobstergirl.jpg?sfvrsn=0,https:,,www.redlobster.com,images,default-source,images,social-photos,341x341_lobstergirl.jpg?sfvrsn=0,341x341_lobstergirl,jpg,sfvrsn=0
https://www.redlobster.com/images/default-source/images/navigation/menu-fresh-fish.jpg?sfvrsn=6,https:,,www.redlobster.com,images,default-source,images,navigation,menu-fresh-fish.jpg?sfvrsn=6,menu-fresh-fish,jpg,sfvrsn=6
https://www.redlobster.com/images/default-source/images/navigation/lighter_fare.jpg?sfvrsn=2,https:,,www.redlobster.com,images,default-source,images,navigation,lighter_fare.jpg?sfvrsn=2,lighter_fare,jpg,sfvrsn=2
https://www.redlobster.com/images/default-source/images/navigation/dinner.jpg?sfvrsn=2,https:,,www.redlobster.com,images,default-source,images,navigation,dinner.jpg?sfvrsn=2,dinner,jpg,sfvrsn=2
https://www.redlobster.com/images/default-source/images/menu-items/lunch-dinner/mozzarella_sticks_crave.jpg?sfvrsn=2&size=1125,https:,,www.redlobster.com,images,default-source,images,menu-items,lunch-dinner,mozzarella_sticks_crave,jpg,sfvrsn=2&size=1125
https://www.redlobster.com/images/default-source/images/navigation/kids.jpg?sfvrsn=2,https:,,www.redlobster.com,images,default-source,images,navigation,kids.jpg?sfvrsn=2,kids,jpg,sfvrsn=2
https://www.redlobster.com/images/default-source/images/news-press/media-downloads/image-2.jpg?sfvrsn=0&MaxWidth=750&MaxHeight=&ScaleUp=false&Quality=High&Method=ResizeFitToAreaArguments&Signature=0819AB065292FD7157048B7E628BBD9D823C3E1C,https:,,www.redlobster.com,images,default-source,images,news-press,media-downloads,image-2,jpg,sfvrsn=0&MaxWidth=750&MaxHeight=&ScaleUp=false&Quality=High&Method=ResizeFitToAreaArguments&Signature=0819AB065292FD7157048B7E628BBD9D823C3E1C
https://www.redlobster.com/images/default-source/images/navigation/lunch.jpg?sfvrsn=2,https:,,www.redlobster.com,images,default-source,images,navigation,lunch.jpg?sfvrsn=2,lunch,jpg,sfvrsn=2
https://www.redlobster.com/images/default-source/images/events/crabfest/ribbon-es.png?sfvrsn=2,https:,,www.redlobster.com,images,default-source,images,events,crabfest,ribbon-es,png,sfvrsn=2
https://www.redlobster.com/images/default-source/images/social-photos/lobsterworthy_341x341.jpg?sfvrsn=0,https:,,www.redlobster.com,images,default-source,images,social-photos,lobsterworthy_341x341.jpg?sfvrsn=0,lobsterworthy_341x341,jpg,sfvrsn=0
https://www.redlobster.com/images/default-source/images/news-press/media-downloads/md-03.jpg?sfvrsn=2,https:,,www.redlobster.com,images,default-source,images,news-press,media-downloads,md-03,jpg,sfvrsn=2
https://www.redlobster.com/images/default-source/images/menu-items/lunch-dinner/shrimp_cocktail.jpg?sfvrsn=2&size=1125,https:,,www.redlobster.com,images,default-source,images,menu-items,lunch-dinner,shrimp_cocktail,jpg,sfvrsn=2&size=1125
https://www.redlobster.com/images/default-source/images/logos/le_1974.jpg?sfvrsn=2,https:,,www.redlobster.com,images,default-source,images,logos,le_1974.jpg?sfvrsn=2,le_1974,jpg,sfvrsn=2
https://www.redlobster.com/images/default-source/Headers/homemade-berry-shortcake_8in.jpg?sfvrsn=2,https:,,www.redlobster.com,images,default-source,Headers,homemade-berry-shortcake_8in.jpg?sfvrsn=2,,homemade-berry-shortcake_8in,jpg,sfvrsn=2
https://www.redlobster.com/ResourcePackages/RedLobster/assets/dist/images/browser_icon_firefox.png,https:,,www.redlobster.com,ResourcePackages,RedLobster,assets,dist,images,browser_icon_firefox,png,
https://www.redlobster.com/images/default-source/images/logos/le_1995.jpg?sfvrsn=2,https:,,www.redlobster.com,images,default-source,images,logos,le_1995.jpg?sfvrsn=2,le_1995,jpg,sfvrsn=2
https://www.redlobster.com/ResourcePackages/RedLobster/assets/dist/images/browser_icon_safari.png,https:,,www.redlobster.com,ResourcePackages,RedLobster,assets,dist,images,browser_icon_safari,png,
https://www.redlobster.com/images/default-source/images/logos/le_1983.jpg?sfvrsn=2,https:,,www.redlobster.com,images,default-source,images,logos,le_1983.jpg?sfvrsn=2,le_1983,jpg,sfvrsn=2
https://www.redlobster.com/ResourcePackages/RedLobster/assets/dist/images/browser_icon_ie.png,https:,,www.redlobster.com,ResourcePackages,RedLobster,assets,dist,images,browser_icon_ie,png,
https://www.redlobster.com/images/default-source/images/logos/le_1968.jpg?sfvrsn=2,https:,,www.redlobster.com,images,default-source,images,logos,le_1968.jpg?sfvrsn=2,le_1968,jpg,sfvrsn=2
https://www.redlobster.com/images/default-source/images/logos/le_1969.jpg?sfvrsn=2,https:,,www.redlobster.com,images,default-source,images,logos,le_1969.jpg?sfvrsn=2,le_1969,jpg,sfvrsn=2
https://www.redlobster.com/images/default-source/images/logos/le_1985.jpg?sfvrsn=2,https:,,www.redlobster.com,images,default-source,images,logos,le_1985.jpg?sfvrsn=2,le_1985,jpg,sfvrsn=2
https://www.redlobster.com/ResourcePackages/RedLobster/assets/dist/images/browser_icon_chrome.png,https:,,www.redlobster.com,ResourcePackages,RedLobster,assets,dist,images,browser_icon_chrome,png,
https://www.redlobster.com/images/default-source/images/logos/le_1986.jpg?sfvrsn=2,https:,,www.redlobster.com,images,default-source,images,logos,le_1986.jpg?sfvrsn=2,le_1986,jpg,sfvrsn=2
https://www.redlobster.com/ResourcePackages/RedLobster/assets/dist/images/logo.png,https:,,www.redlobster.com,ResourcePackages,RedLobster,assets,dist,images,logo,png,
https://www.redlobster.com/images/default-source/images/logos/le_2004.jpg?sfvrsn=2,https:,,www.redlobster.com,images,default-source,images,logos,le_2004.jpg?sfvrsn=2,le_2004,jpg,sfvrsn=2
https://www.redlobster.com/images/default-source/images/misc/team-04.jpg?sfvrsn=0,https:,,www.redlobster.com,images,default-source,images,misc,team-04.jpg?sfvrsn=0,team-04,jpg,sfvrsn=0
https://www.redlobster.com/images/default-source/images/news-press/leadership/team-01.jpg?sfvrsn=0,https:,,www.redlobster.com,images,default-source,images,news-press,leadership,team-01,jpg,sfvrsn=0
https://www.redlobster.com/images/default-source/images/news-press/leadership/team-06.jpg?sfvrsn=0,https:,,www.redlobster.com,images,default-source,images,news-press,leadership,team-06,jpg,sfvrsn=0
https://www.redlobster.com/images/default-source/images/events/crabfest/ribbon-us.png?sfvrsn=2,https:,,www.redlobster.com,images,default-source,images,events,crabfest,ribbon-us,png,sfvrsn=2
https://www.redlobster.com/images/default-source/images/news-press/leadership/team-05.jpg?sfvrsn=0,https:,,www.redlobster.com,images,default-source,images,news-press,leadership,team-05,jpg,sfvrsn=0
https://www.redlobster.com/images/default-source/images/events/crabfest/ribbon-ca.png?sfvrsn=2,https:,,www.redlobster.com,images,default-source,images,events,crabfest,ribbon-ca,png,sfvrsn=2
https://www.redlobster.com/images/default-source/images/news-press/leadership/team-03.jpg?sfvrsn=0,https:,,www.redlobster.com,images,default-source,images,news-press,leadership,team-03,jpg,sfvrsn=0
https://www.redlobster.com/images/default-source/images/logos/le_2009.jpg?sfvrsn=2,https:,,www.redlobster.com,images,default-source,images,logos,le_2009.jpg?sfvrsn=2,le_2009,jpg,sfvrsn=2
https://www.redlobster.com/ResourcePackages/RedLobster/assets/dist/images/silhouette-lobster.png,https:,,www.redlobster.com,ResourcePackages,RedLobster,assets,dist,images,silhouette-lobster,png,
https://www.redlobster.com/ResourcePackages/RedLobster/assets/dist/images/silhouette-crab.png,https:,,www.redlobster.com,ResourcePackages,RedLobster,assets,dist,images,silhouette-crab,png,
https://www.redlobster.com/images/default-source/images/news-press/media-downloads/Teasers/rl_logo_teaser.png?sfvrsn=0,https:,,www.redlobster.com,images,default-source,images,news-press,media-downloads,rl_logo_teaser,png,sfvrsn=0
https://www.redlobster.com/ResourcePackages/RedLobster/assets/dist/images/social-share-sprite.png,https:,,www.redlobster.com,ResourcePackages,RedLobster,assets,dist,images,social-share-sprite,png,